-- phpMyAdmin SQL Dump
-- version 3.3.7deb7
-- http://www.phpmyadmin.net
--
-- Host: localhost
-- Generation Time: Nov 11, 2013 at 12:53 AM
-- Server version: 5.1.66
-- PHP Version: 5.3.3-7+squeeze17

SET SQL_MODE="NO_AUTO_VALUE_ON_ZERO";


/*!40101 SET @OLD_CHARACTER_SET_CLIENT=@@CHARACTER_SET_CLIENT */;
/*!40101 SET @OLD_CHARACTER_SET_RESULTS=@@CHARACTER_SET_RESULTS */;
/*!40101 SET @OLD_COLLATION_CONNECTION=@@COLLATION_CONNECTION */;
/*!40101 SET NAMES utf8 */;

--
-- Database: `courses_db`
--

-- --------------------------------------------------------

--
-- Table structure for table `category`
--

DROP TABLE IF EXISTS `category`;
CREATE TABLE `category` (
  `id` int(10) unsigned NOT NULL,
  `name` varchar(80) NOT NULL,
  `color` varchar(7) NOT NULL,
  `deleted` tinyint(1) unsigned NOT NULL,
  PRIMARY KEY (`id`)
) ENGINE=InnoDB DEFAULT CHARSET=ascii;

--
-- Dumping data for table `category`
--

INSERT INTO `category` (`id`, `name`, `color`, `deleted`) VALUES
(1, 'Python', '#03ccf7', 0),
(2, 'MySQL', '#efbb07', 0),
(3, 'Ruby', '#e50d22', 0),
(5, 'HTML', '#5ad90d', 0),
(6, 'JavaScript', '#a42af9', 0);

-- --------------------------------------------------------

--
-- Table structure for table `comments`
--

DROP TABLE IF EXISTS `comments`;
CREATE TABLE `comments` (
  `id` int(10) unsigned NOT NULL AUTO_INCREMENT,
  `user_id` int(10) unsigned NOT NULL,
  `lecture_id` int(10) unsigned NOT NULL,
  `creation_date` datetime NOT NULL,
  `title` varchar(70) NOT NULL,
  `body` varchar(500) DEFAULT NULL,
  `active` tinyint(1) unsigned NOT NULL,
  PRIMARY KEY (`id`)
) ENGINE=InnoDB  DEFAULT CHARSET=ascii AUTO_INCREMENT=52 ;

--
-- Dumping data for table `comments`
--

INSERT INTO `comments` (`id`, `user_id`, `lecture_id`, `creation_date`, `title`, `body`, `active`) VALUES
(1, 4, 1, '2012-06-13 00:00:00', 'Course feedback', 'The pace of this one-year course is hard and fast.', 1),
(2, 5, 2, '2012-02-10 00:00:00', 'Expectations', 'We expect M.Phil. ACE students to manage their time effectively in order to deliver top quality material day-in, day-out.', 1),
(3, 6, 8, '2012-03-01 00:00:00', 'Level', 'As well as being first class undergraduates, our students are very committed and highly motivated, who attack challenges thrown up by the course with vigour and determination', 1),
(4, 7, 9, '2012-04-28 00:00:00', 'Great!', 'What a wonderful year! ', 0),
(5, 4, 10, '2012-05-23 00:00:00', 'Subjects', 'The cross-disciplinary nature of the research and course-work undertaken allows participants to gain exposure to cutting edge science, technology and engineering principles that might otherwise be absent in a Chemical Engineering course.', 1),
(6, 5, 6, '2012-06-29 00:00:00', 'Credentials', 'These technical credentials of the M.Phil. in ACE are complimented by an engagement in political, social and commercial dimensions of modern applied sciences,', 0),
(7, 6, 11, '2012-07-19 00:00:00', 'Quality', ' On one hand, this is a very well-rounded program, combining high-quality education and relevant experiences.', 0),
(8, 7, 4, '2012-08-01 00:00:00', 'Summery', 'Overall, the calibre of people, the historical city, the world-class facilities, and the demanding nature of the course meant that my time here at Cambridge was nothing short of a memorable one.', 0),
(10, 13, 1, '2013-04-10 20:43:23', 'Lorem ipsum dolor sit amet', 'Lorem ipsum dolor sit amet, consectetuer adipiscing elit. Aenean commodo ligula eget dolor.', 1),
(11, 9, 3, '2013-09-03 20:44:26', 'Aenean massa.', 'Cum sociis natoque penatibus et magnis dis parturient montes, nascetur ridiculus mus.', 1),
(12, 6, 3, '2013-06-12 20:45:34', 'Donec quam felis', 'ultricies nec, pellentesque eu, pretium quis, sem. Nulla consequat massa quis enim.', 1),
(13, 11, 2, '2013-10-10 20:46:14', 'Donec pede justo', ' fringilla vel, aliquet nec, vulputate eget, arcu. In enim justo, rhoncus ut, imperdiet a, venenatis vitae, justo.', 1),
(47, 10, 3, '2013-08-21 01:29:35', 'Nullam dictum felis', 'eu pede mollis pretium. Integer tincidunt. Cras dapibus. Vivamus elementum semper nisi.', 1),
(48, 6, 2, '2013-10-09 10:31:03', 'Aenean vulputate eleifend tellus. ', ' Aenean leo ligula, porttitor eu, consequat vitae, eleifend ac, enim.', 1),
(49, 8, 1, '2013-05-09 08:32:06', 'Aliquam lorem ante', 'dapibus in, viverra quis, feugiat a, tellus. Phasellus viverra nulla ut metus varius laoreet. Quisque rutrum.', 1),
(50, 7, 2, '2013-07-09 17:32:41', ' Aenean imperdiet.', ' Etiam ultricies nisi vel augue. Curabitur ullamcorper ultricies nisi.', 1),
(51, 3, 1, '2013-10-01 20:33:25', 'Nam eget dui. Etiam rhoncus.', 'Maecenas tempus, tellus eget condimentum rhoncus, sem quam semper libero, sit amet adipiscing sem neque sed ipsum.', 1);

-- --------------------------------------------------------

--
-- Table structure for table `courses`
--

DROP TABLE IF EXISTS `courses`;
CREATE TABLE `courses` (
  `id` int(10) unsigned NOT NULL AUTO_INCREMENT,
  `category_id` int(10) unsigned NOT NULL,
  `author_id` int(10) unsigned NOT NULL,
  `name` varchar(120) NOT NULL,
  `description` varchar(400) DEFAULT NULL,
  `image` varchar(200) DEFAULT NULL,
  `deleted` tinyint(1) unsigned NOT NULL,
  PRIMARY KEY (`id`)
) ENGINE=InnoDB  DEFAULT CHARSET=ascii AUTO_INCREMENT=19 ;

--
-- Dumping data for table `courses`
--

INSERT INTO `courses` (`id`, `category_id`, `author_id`, `name`, `description`, `image`, `deleted`) VALUES
(1, 1, 16, 'PyPro', 'Nullam id dolor id nibh ultricies vehicula ut id elit.', '2013-11-10__17:10:236223__', 0),
(2, 2, 10, 'MySQL for Dummies', 'This unique introductory SQL tutorial not only provides easy-to-understand SQL instructions, but it allows you to practice what you learn using the on-line SQL.', '2013-11-10__17:16:591545__', 0),
(4, 1, 17, 'Python Class', 'Welcome to Python Class - this is a free class for people with a little bit of programming experience who want to learn Python.', '2013-11-10__14:16:497500__', 0),
(5, 1, 17, 'Pythonic', 'This course is designed to be a fun introduction to the basics of programming in Python. Our main focus will be on building simple interactive games such as Pong, Blackjack and Asteroids.', '2013-11-10__23:15:395210__', 0),
(6, 3, 10, 'Ruby Course', 'Learn the basic building blocks of Ruby, all in the browser. Enjoy learning Ruby with video tutorials and programming challenges', '2013-11-10__23:44:339842__', 0),
(7, 5, 16, 'HTML basics', 'The knowledge of HTML is the most important step for those who want to build quality web pages.', '2013-11-10__22:17:781143__', 0),
(8, 6, 16, 'Online JavaScript', 'In this course, you''ll learn how to code in JS, a flexible and powerful programming language used all over the web. Some of the most popular Internet companies like Facebook and Twitter extensively use JS to add functionality to and enhance their websites.', '2013-11-10__22:50:598740__', 0),
(9, 2, 16, 'MySQL for architectures', 'Having MySQL come on site was great, because we were able to optimize our DB Server more quickly than we otherwise could have. In addition to that, several of our staff got hands-on training on systems that they need to know the most about.', '2013-11-10__22:50:122123__', 0),
(10, 2, 16, 'MySQL high level', 'MySQL can be used for a variety of applications, but is most commonly found on Web servers. A website that uses MySQL may include Web pages that access information from a database.', '2013-11-10__23:5:444569__', 0),
(11, 3, 16, 'Ruby high level', 'Ruby is the most valuable variety of the corundum mineral species, which also includes sapphire. Rubies can command the highest per-carat price of any colored stone. This makes ruby one of the most important gems in the colored stone market.', '2013-11-10__23:4:681729__', 0),
(12, 3, 16, 'Ruby for experienced', 'Ruby is the most valuable variety of the corundum mineral species, which also includes sapphire. Rubies can command the highest per-carat price of any colored stone. This makes ruby one of the most important gems in the colored stone market.', '2013-11-10__23:14:937394__', 0),
(13, 6, 16, 'JavaScript Basics', 'JavaScript is the scripting language of the Web. All modern HTML pages are using JavaScript. This tutorial will teach you JavaScript from basic to advanced.', '2013-11-10__23:11:929986__', 0),
(14, 5, 16, 'HTML for advanced', 'JavaScript is the scripting language of the Web. All modern HTML pages are using JavaScript. This tutorial will teach you JavaScript from basic to advanced.', '2013-11-10__23:21:569013__', 0),
(15, 2, 17, 'MySQL', 'These pages are often referred to as "dynamic," meaning the content of each page is generated from a database as the page loads.', '2013-11-10__23:40:765569__', 0),
(16, 3, 17, 'Ruby', 'In its purest form, the mineral corundum is colorless. ', '2013-11-10__23:34:867934__', 0),
(17, 5, 17, 'Interactive HTML', 'Don''t worry if the examples use tags you have not learned. You will learn about them in the next chapters.', '2013-11-10__23:40:526093__', 0),
(18, 6, 17, 'JavaScript', 'This tutorial contains hundreds of examples. With Try it yourself, you can edit the source code and click on a button to view the result.', '2013-11-10__23:39:778876__', 0);

-- --------------------------------------------------------

--
-- Table structure for table `lectures`
--

DROP TABLE IF EXISTS `lectures`;
CREATE TABLE `lectures` (
  `id` int(10) unsigned NOT NULL AUTO_INCREMENT,
  `course_id` int(10) unsigned NOT NULL,
  `test_id` int(10) unsigned DEFAULT NULL,
  `title` varchar(200) NOT NULL,
  `body` varchar(10000) DEFAULT NULL,
  `raite` tinyint(3) unsigned DEFAULT NULL,
  `number_in_course` tinyint(4) DEFAULT NULL,
  `deleted` tinyint(1) unsigned NOT NULL,
  PRIMARY KEY (`id`)
) ENGINE=InnoDB  DEFAULT CHARSET=ascii AUTO_INCREMENT=33 ;

--
-- Dumping data for table `lectures`
--

INSERT INTO `lectures` (`id`, `course_id`, `test_id`, `title`, `body`, `raite`, `number_in_course`, `deleted`) VALUES
(1, 1, 1, 'Why Python', '<meta http-equiv="content-type" content="text/html; charset=utf-8"><span class="Apple-style-span" style="color: rgb(85, 85, 85); font-family: verdana, tahoma, ''Trebuchet MS'', arial, verdana, sans-serif; "><h2 style="font-size: 18px; letter-spacing: 1px; color: rgb(71, 96, 66); background-image: initial; background-attachment: initial; background-origin: initial; background-clip: initial; background-color: rgb(255, 255, 255); background-position: initial initial; background-repeat: initial initial; "><span class="Apple-style-span" style="color: rgb(85, 85, 85); font-weight: normal; letter-spacing: normal; font-size: 14px; ">There are many good reasons to choose Python as your primary programming language. First of all Python is an easy to learn, powerful programming language. Furthermore it has efficient high-level data structures, which allow you to write complex operations in fewer statements than in C, C++ or Java.&nbsp;</span><br></h2><p>Object-oriented programming is a lot easier than in languages like Java.&nbsp;<br><br>Python has become one of the most popular programming languages among developers and programmers. They praise it for its clean syntax and code readability. Python is a general-purpose high-level programming language. Python is both object oriented and imperative and it can be even used in a functional style as well. Python programs are portable, i.e. they can be ported to other operating systems like Windows, Linux, Unix and Mac OS X, and they can be run on Java and .NET virtual machines.&nbsp;<br><br>David Beazley says in his foreword to his book "How to Think like a Computer Scientist Learning with Python":&nbsp;<i>Despite Python''s appeal to many different communities, you may still wonder "why Python?" or "why teach programming with Python?" Answering these questions is no simple task-especially when popular opinion is on the side of more masochistic alternatives such as C++ and Java. However, I think the most direct answer is that programming in Python is simply a lot of fun and more productive.</i>&nbsp;<br><br>Guido van Rossum, the author of Python, began work on Python at the National Research Institute for Mathematics and Computer Science in the Netherlands (Centrum voor Wiskunde en Informatica, CWI).&nbsp;<br>When asked, what features of Python he is most pleased with, Guido van Rossum said in an interview with Linux Journal: "The feel of the whole system suits my style of programming well, for obvious reasons. The ability to run the interpreter interactively and the ability to write code from the bottom up and test it piecemeal combine to let me write code quickly. Other people find that it makes them more productive, too." (LJ, no 55)&nbsp;<br><br>Python is very fast. The source code is compiled into bytecode, so that executing the same file will be faster, if the script will be executed again. The bytecode is an "intermediate language", which is said to run on a virtual machine that executes the machine code corresponding to each bytecode.</p><h2 style="font-size: 18px; letter-spacing: 1px; color: rgb(71, 96, 66); background-image: initial; background-attachment: initial; background-origin: initial; background-clip: initial; background-color: rgb(255, 255, 255); background-position: initial initial; background-repeat: initial initial; ">Comparing Python with Java, Perl and other Programming Languages</h2><p>Prof. Lutz Prechelt from the University of Karlsruhe compared Python with other programming languages. He summarises his results: "80 implementations of the same set of requirements are compared for several properties, such as run time, memory consumption, source text length, comment density, program structure, reliability, and the amount of effort required for writing them. The results indicate that, for the given programming problem, which regards string manipulation and search in a dictionary, ''scripting languages'' (Perl, Python, Rexx, Tcl) are more productive than ''conventional languages'' (C, C++, Java). In terms of run time and memory consumption, they often turn out better than Java and not much worse than C or C++. In general, the differences between languages tend to be smaller than the typical differences due to different programmers within the same language. (see Lutz Prechelt, An empirical comparison of C, C++, Java, Perl, Python, Rexx, and Tcl, IEEE Computer, Vol. 30, (10), p. 23-29, Oct 2000.)</p></span>', NULL, 1, 0),
(2, 1, 1, 'Memorization and Decorators', '<meta http-equiv="content-type" content="text/html; charset=utf-8"><span class="Apple-style-span" style="color: rgb(85, 85, 85); font-family: verdana, tahoma, ''Trebuchet MS'', arial, verdana, sans-serif; "><h3 style="padding-top: 5px; padding-right: 5px; padding-bottom: 5px; padding-left: 5px; font-size: 15px; color: rgb(255, 255, 255); background-image: initial; background-attachment: initial; background-origin: initial; background-clip: initial; background-color: rgb(106, 150, 98); background-position: initial initial; background-repeat: initial initial; ">Definition of Memoization</h3>The term "memoization" was introduced by Donald Michie in the year 1968. It''s based on the Latin word memorandum, meaning "to be remembered". It''s not a misspelling of the word memorization, though in a way it has something in common. Memoisation is a technique used in computing to speed up programs. This is accomplished by memorizing the calculation results of processed input such as the results of function calls. If the same input or a function call with the same parameters is used, the previously stored results can be used again and unnecessary calculation are avoided.&nbsp;<br><br>Memoization can be explicitly programmed by the programmer, but some programming languages like Python provide mechanisms to automatically memoize functions.&nbsp;<br><br><h3 style="padding-top: 5px; padding-right: 5px; padding-bottom: 5px; padding-left: 5px; font-size: 15px; color: rgb(255, 255, 255); background-image: initial; background-attachment: initial; background-origin: initial; background-clip: initial; background-color: rgb(106, 150, 98); background-position: initial initial; background-repeat: initial initial; ">Function Decorators in Python</h3>Please continue with our article on<a href="http://www.python-course.eu/python3_memoization.php" style="text-decoration: none; color: rgb(241, 124, 11); background-color: rgb(255, 255, 255); ">&nbsp;Memoization</a>&nbsp;in our Python3 tutorial. All the examples are running in Python2.x as well!</span><br>', NULL, 2, 0),
(3, 1, 1, 'Loops', '<meta http-equiv="content-type" content="text/html; charset=utf-8"><span class="Apple-style-span" style="color: rgb(85, 85, 85); font-family: verdana, tahoma, ''Trebuchet MS'', arial, verdana, sans-serif; "><h3 style="padding-top: 5px; padding-right: 5px; padding-bottom: 5px; padding-left: 5px; font-size: 15px; color: rgb(255, 255, 255); background-image: initial; background-attachment: initial; background-origin: initial; background-clip: initial; background-color: rgb(106, 150, 98); background-position: initial initial; background-repeat: initial initial; ">General Structure of a Loop</h3><p>Many algorithms make it necessary for a programming language to have a construct which makes it possible to carry out a sequence of statements repeatedly. The code within the loop, i.e. the code carried out repeatedly is called the body of the loop.&nbsp;Python supplies two different kinds of loops: the while loop and the for loop.&nbsp;Most loops contain a counter or more generally variables, which change their values in the course of calculation. These variables have to be initialized before the loop is is started. The counter or other variables, which can be altered in the body of the loop, are contained in the condition. Before the body of the loop is executed, the condition is evaluated. If it evaluates to True, the body gets executed. After the body is finished, the condition will be evaluated again. The body of the loop will be executed as long as the condition yields True.</p><br><h3 style="padding-top: 5px; padding-right: 5px; padding-bottom: 5px; padding-left: 5px; font-size: 15px; color: rgb(255, 255, 255); background-image: initial; background-attachment: initial; background-origin: initial; background-clip: initial; background-color: rgb(106, 150, 98); background-position: initial initial; background-repeat: initial initial; ">A Simple Example with a While Loop</h3><p>It''s best to illustrate the operating principle of a loop with a simple example. The following small script calculates the sum of the numbers from 1 to 100. We will later introduce a more elegant way to do it.&nbsp;<br></p><pre style="white-space: pre-wrap; word-wrap: break-word; font-family: ''courier new'', monospace; margin-top: 10px; margin-right: 10px; margin-bottom: 10px; margin-left: 10px; color: rgb(0, 0, 102); padding-top: 5px; padding-right: 5px; padding-bottom: 5px; padding-left: 5px; font-size: 14px; background-image: initial; background-attachment: initial; background-origin: initial; background-clip: initial; background-color: rgb(221, 255, 221); background-position: initial initial; background-repeat: initial initial; ">#!/usr/bin/env python\n\nn = 100\n\nsum = 0\ni = 1\nwhile i &lt;= n:\n    sum = sum + i\n    i = i + 1\n\nprint "Sum of 1 until %d: %d" % (n,sum)\n</pre><br><p></p><h3 style="padding-top: 5px; padding-right: 5px; padding-bottom: 5px; padding-left: 5px; font-size: 15px; color: rgb(255, 255, 255); background-image: initial; background-attachment: initial; background-origin: initial; background-clip: initial; background-color: rgb(106, 150, 98); background-position: initial initial; background-repeat: initial initial; ">Reading Standard Input</h3>Before we go on with the while loop, we want to introduce some fundamental things on standard input and standard output. Normally, the keyboard serves as the standard input. The standard output is usually the terminal or console where the script had been started, which prints the output. A script is supposed to send its error messages to the standard error.&nbsp;<br>Python has these three channels as well:<ul><li>standard input</li><li>standard output</li><li>standard error</li></ul>They are contained in the module sys. Their names are:<ul><li>sys.stdin</li><li>sys.stdout</li><li>sys.stderror</li></ul></span>', NULL, 3, 0),
(4, 1, 1, 'Recursive Functions', '<meta http-equiv="content-type" content="text/html; charset=utf-8"><span class="Apple-style-span" style="color: rgb(85, 85, 85); font-family: verdana, tahoma, ''Trebuchet MS'', arial, verdana, sans-serif; "><h3 style="padding-top: 5px; padding-right: 5px; padding-bottom: 5px; padding-left: 5px; font-size: 15px; color: rgb(255, 255, 255); background-image: initial; background-attachment: initial; background-origin: initial; background-clip: initial; background-color: rgb(106, 150, 98); background-position: initial initial; background-repeat: initial initial; ">Definition</h3><p><i>Recursion has something to do with infinity. I know recursion has something to do with infinity. I think I know recursion has something to do with infinity. He is sure I think I know recursion has something to do with infinity. We doubt he is sure I think ...&nbsp;</i>We think, we convinced you now, that we can go on forever with this example of a recursion from natural language. Recursion is not only a fundamental feature of natural language, but of the human cognitive capacity. Our way of thinking is based on recursive thinking processes. Even with a very simple grammar, like "An English sentence contains a subject and a predicate. A predicate contains a verb, an object and a complement", we can demonstrate the infinite possibilites of the natural language. Stephen Pinker phrases it like this: "With a few thousand nouns that can fill the subject slot and a few thousand verbs that can fill the predicate slot, one already has several million ways to open a sentence. The possible combinations quickly multiply out to unimaginably large numbers. Indeed, the repertoire of sentences is theoretically infinite, because the rules of language use a trick called recursion. A recursive rule allows a phrase to contain an example of itself, as in&nbsp;<i>She thinks that he thinks that they think that he knows</i>&nbsp;and so on, ad infinitum. And if the number of sentences is infinite, the number of possible thoughts and intentions is infinite too, because virtually every sentence expresses a different thought or intention."<sup>1</sup>&nbsp;<br><br>We have to stop our short excursion to recursion in natural languages to come back to recursion in computer science and finally to recursion in the programming language Python.&nbsp;<br><br>The adjective "recursive" originates from the Latin verb "recurrere", which means "to run back". And this is what a recursive definition or a recursive function does: It is "running back" or returning to itself. Most people who have done some mathematics, computer science or read a book about programming will have encountered the factorial, which is defined in mathematical terms as&nbsp;<br><br><code style="font-size: 13px; ">n! = n * (n-1)!, if n &gt; 1 and f(1) = 1</code>&nbsp;</p></span>', NULL, 4, 1),
(5, 5, 2, 'Structuring with Indentation', '<meta http-equiv="content-type" content="text/html; charset=utf-8"><span class="Apple-style-span" style="color: rgb(85, 85, 85); font-family: verdana, tahoma, ''Trebuchet MS'', arial, verdana, sans-serif; "><h2 style="font-size: 18px; letter-spacing: 1px; color: rgb(71, 96, 66); background-image: initial; background-attachment: initial; background-origin: initial; background-clip: initial; background-color: rgb(255, 255, 255); background-position: initial initial; background-repeat: initial initial; "><span class="Apple-style-span" style="color: rgb(85, 85, 85); font-weight: normal; letter-spacing: normal; font-size: 14px; ">Most programming languages use certain characters or keywords to group statements:</span><br></h2><ul><li>begin ... end</li><li>do ... done</li><li>{ ... }</li><li>if ... fi</li></ul>Python uses a different principle. Programs get structured through indentation, i.e. Code blocks are defined by their indentation. Okay, that''s what we expect from any program code, isn''t it? Yes, but in the case of Python it''s a language requirement not a matter of style. This principle makes it easier to read and understand other people''s Python code.&nbsp;<br>So, how does it work? All statements with the same distance to the right belong to the same block of code, i.e. the statements within a block line up vertically. The block ends at a line less indented or the end of the file. If a block has to be more deeply nested, it is simply indented further to the right.&nbsp;<br>A statement can be continued on the next line with the continuation character "\\".</span><br>', NULL, 3, 0),
(6, 2, 3, 'What is SQL?', '<meta http-equiv="content-type" content="text/html; charset=utf-8"><span class="Apple-style-span" style="color: rgb(0, 0, 0); font-family: Verdana, Arial, sans-serif; font-size: small; "><span class="Apple-style-span" style="font-weight: normal; font-size: small; ">SQL (pronounced "ess-que-el") stands for Structured Query Language. SQL is used to communicate with a database. According to ANSI (American National Standards Institute), it is the standard language for relational database management systems. SQL statements are used to perform tasks such as update data on a database, or retrieve data from a database. Some common relational database management systems that use SQL are: Oracle, Sybase, Microsoft SQL Server, Access, Ingres, etc. Although most database systems use SQL, most of them also have their own additional proprietary extensions that are usually only used on their system. However, the standard SQL commands such as "Select", "Insert", "Update", "Delete", "Create", and "Drop" can be used to accomplish almost everything that one needs to do with a database. This tutorial will provide you with the instruction on the basics of each of these commands as well as allow you to put them to practice using the SQL Interpreter.</span></span>', NULL, 1, 0),
(7, 2, 4, 'Selecting Data', '<meta http-equiv="content-type" content="text/html; charset=utf-8"><span class="Apple-style-span" style="color: rgb(0, 0, 0); font-family: Verdana, Arial, sans-serif; font-size: small; "><span class="Apple-style-span" style="font-weight: normal; font-size: small; ">The&nbsp;<strong>select</strong>&nbsp;statement is used to query the database and retrieve selected data that match the criteria that you specify. Here is the format of a simple select statement:</span><br><pre style="margin-left: 15px; font-size: small; "><code style="font-family: Courier, monospace; color: rgb(0, 102, 0); ">select "column1"\n  [,"column2",etc] \n  from "tablename"\n  [where "condition"];\n  [] = optional</code></pre><p style="font-family: Verdana, Arial, sans-serif; font-size: small; ">The column names that follow the select keyword determine which columns will be returned in the results. You can select as many column names that you''d like, or you can use a "*" to select all columns.</p><p style="font-family: Verdana, Arial, sans-serif; font-size: small; ">The table name that follows the keyword&nbsp;<strong>from</strong>&nbsp;specifies the table that will be queried to retrieve the desired results.</p><p style="font-family: Verdana, Arial, sans-serif; font-size: small; ">The&nbsp;<strong>where</strong>&nbsp;clause (optional) specifies which data values or rows will be returned or displayed, based on the criteria described after the keyword<strong>where</strong>.</p><p style="font-family: Verdana, Arial, sans-serif; font-size: small; "></p><p style="font-family: Verdana, Arial, sans-serif; font-size: small; ">The&nbsp;<strong>LIKE</strong>&nbsp;pattern matching operator can also be used in the conditional selection of the where clause. Like is a very powerful operator that allows you to select only rows that are "like" what you specify. The percent sign "%" can be used as a wild card to match any possible character that might appear before or after the characters specified. For example:</p><pre style="margin-left: 15px; font-size: small; "><code style="font-family: Courier, monospace; color: rgb(0, 102, 0); ">select first, last, city\n   from empinfo\n   where first LIKE ''Er%'';</code></pre><p style="font-family: Verdana, Arial, sans-serif; font-size: small; ">This SQL statement will match any first names that start with ''Er''.&nbsp;<strong>Strings must be in single quotes.</strong></p><p style="font-family: Verdana, Arial, sans-serif; font-size: small; ">Or you can specify,</p><pre style="margin-left: 15px; font-size: small; "><code style="font-family: Courier, monospace; color: rgb(0, 102, 0); ">select first, last\n   from empinfo\n   where last LIKE ''%s'';</code></pre><p style="font-family: Verdana, Arial, sans-serif; font-size: small; ">This statement will match any last names that end in a ''s''.</p><pre style="margin-left: 15px; font-size: small; "><code style="font-family: Courier, monospace; color: rgb(0, 102, 0); ">select * from empinfo\n   where first = ''Eric'';</code></pre><p></p></span>', NULL, 2, 0),
(8, 4, NULL, 'Python Introduction', '<meta http-equiv="content-type" content="text/html; charset=utf-8"><span class="Apple-style-span" style="font-family: Arial, sans-serif; font-size: 13px; line-height: 21px; "><p><b>Python is a dynamic, interpreted language. </b>Source code does not declare the types of variables or parameters or methods. This makes the code short and flexible, and you lose the compile-time type checking in the source code. Python tracks the types of all values at runtime and flags code that does not make sense as it runs. (todo: link here to the companion video segment for this section)</p><p>An excellent way to see how Python code works is to run the Python interpreter and type code right into it. If you ever have a question like "what happens if I add an int to a list?" ... just typing it into the Python interpreter is fast way to see what happens. Python code does not declare the types of variables -- just assign to them and go. Python raises a runtime error if the code tries to read from a variable that has not been given a value. Like C++ and Java, Python is case sensitive so "a" and "A" are different variables. The end of a line marks the end of a statement, so unlike C++ and Java, Python does not require a semicolon at the end of each statement. You can include semicolons at the end of Python statements (perhaps just out of habit), but it''s not the best style. Comments begin with a ''#'' and extend to the end of the line. (See&nbsp;<a href="https://developers.google.com/edu/python/set-up?hl=ru">Python Set Up</a>&nbsp;for how to install and Python on various operating systems.)</p></span>', NULL, 1, 0),
(9, 4, NULL, 'Python Strings', '<meta http-equiv="content-type" content="text/html; charset=utf-8"><span class="Apple-style-span" style="font-family: Arial, sans-serif; font-size: 13px; line-height: 21px; "><p>Python has a built-in string class named "str" with many handy features (there is an older module named "string" which you should not use). String literals can be enclosed by either double or single quotes, although single quotes are more commonly used. Backslash escapes work the usual way within both single and double quoted literals -- e.g. \\n \\'' \\". A double quoted string literal can contain single quotes without any fuss (e.g. "I didn''t do it") and likewise single quoted string can contain double quotes. A string literal can span multiple lines, but there must be a backslash \\ at the end of each line to escape the newline. String literals inside triple quotes, """" or '''''', can multiple lines of text.</p><p>Python strings are "immutable" which means they cannot be changed after they are created (Java strings also use this immutable style). Since strings can''t be changed, we construct *new* strings as we go to represent computed values. So for example the expression (''hello'' + ''there'') takes in the 2 strings ''hello'' and ''there'' and builds a new string ''hellothere''.</p><p>Characters in a string can be accessed using the standard [ ] syntax, and like Java and C++, Python uses zero-based indexing, so if str is ''hello'' str[1] is ''e''. If the index is out of bounds for the string, Python raises an error. The Python style (unlike Perl) is to halt if it can''t tell what to do, rather than just make up a default value. The handy "slice" syntax (below) also works to extract any substring from a string. The len(string) function returns the length of a string. The [ ] syntax and the len() function actually work on any sequence type -- strings, lists, etc.. Python tries to make its operations work consistently across different types. Python newbie gotcha: don''t use "len" as a variable name to avoid blocking out the len() function. The ''+'' operator can concatenate two strings. Notice in the code below that variables are not pre-declared -- just assign to them and go.</p><p>Python Program</p><p>Python source files use the ".py" extension. With a Python program in file hello.py, the easiest way to run it is with the shell command "python hello.py Alice" -- loading and running the code in hello.py, passing it the command line argument "Alice".</p><p></p></span>', NULL, 2, 0),
(10, 4, NULL, 'Python Lists', '<meta http-equiv="content-type" content="text/html; charset=utf-8"><span class="Apple-style-span" style="font-family: Arial, sans-serif; font-size: 13px; line-height: 21px; "><h1 itemprop="name" class="page-title" style="margin-top: 0px; margin-right: 0px; margin-bottom: 0.5em; margin-left: 0px; padding-top: 0px; padding-right: 0px; padding-bottom: 4px; padding-left: 0px; border-top-width: 0px; border-right-width: 0px; border-bottom-width: 1px; border-left-width: 0px; border-style: initial; border-color: initial; font-weight: normal; font-style: inherit; font-size: 2em; font-family: inherit; vertical-align: baseline; color: rgb(34, 34, 34); line-height: 24px; border-bottom-style: solid; border-bottom-color: rgb(204, 204, 204); "><span class="Apple-style-span" style="line-height: 21px; font-size: 13px; ">Python has a great built-in list type named "list". List literals are written within square brackets [ ]. Lists work similarly to strings -- use the len() function and square brackets [ ] to access data, with the first element at index 0.</span></h1><h1 itemprop="name" class="page-title" style="margin-top: 0px; margin-right: 0px; margin-bottom: 0.5em; margin-left: 0px; padding-top: 0px; padding-right: 0px; padding-bottom: 4px; padding-left: 0px; border-top-width: 0px; border-right-width: 0px; border-bottom-width: 1px; border-left-width: 0px; border-style: initial; border-color: initial; font-weight: normal; font-style: inherit; font-size: 2em; font-family: inherit; vertical-align: baseline; color: rgb(34, 34, 34); line-height: 24px; border-bottom-style: solid; border-bottom-color: rgb(204, 204, 204); "><span class="Apple-style-span" style="line-height: 21px; font-size: 13px; "></span><span class="Apple-style-span" style="line-height: 21px; font-size: 13px; ">Assignment with an = on lists does not make a copy. Instead, assignment makes the two variables point to the one list in memory.</span><span class="Apple-style-span" style="line-height: 21px; font-size: 13px; ">The "empty list" is just an empty pair of brackets [ ]. The ''+'' works to append two lists, so [1, 2] + [3, 4] yields [1, 2, 3, 4] (this is just like + with strings).</span></h1><h1 itemprop="name" class="page-title" style="margin-top: 0px; margin-right: 0px; margin-bottom: 0.5em; margin-left: 0px; padding-top: 0px; padding-right: 0px; padding-bottom: 4px; padding-left: 0px; border-top-width: 0px; border-right-width: 0px; border-bottom-width: 1px; border-left-width: 0px; border-style: initial; border-color: initial; font-weight: normal; font-style: inherit; font-size: 2em; font-family: inherit; vertical-align: baseline; color: rgb(34, 34, 34); line-height: 24px; border-bottom-style: solid; border-bottom-color: rgb(204, 204, 204); "><span class="Apple-style-span" style="line-height: 21px; font-size: 13px; "></span><span class="Apple-style-span" style="line-height: 21px; font-size: 13px; ">FOR and IN</span></h1><div itemprop="articleBody"><p></p><p>Python''s *for* and *in* constructs are extremely useful, and the first use of them we''ll see is with lists. The *for* construct -- for var in list -- is an easy way to look at each element in a list (or other collection). Do not add or remove from the list during iteration.</p><p></p><p>If you know what sort of thing is in the list, use a variable name in the loop that captures that information such as "num", or "name", or "url". Since python code does not have other syntax to remind you of types, your variable names are a key way for you to keep straight what is going on.</p><p>The *in* construct on its own is an easy way to test if an element appears in a list (or other collection) -- value in collection -- tests if the value is in the collection, returning True/False.</p><p></p><p></p></div></span>', NULL, 3, 0),
(11, 4, NULL, 'Python Dict and File', '<ol><li><span class="Apple-style-span" style="font-family: Arial, sans-serif; font-size: 13px; line-height: 21px; ">Python''s efficient key/value hash table structure is called a "dict". The contents of a dict can be written as a series of key:value pairs within braces { }, e.g. dict = {key1:value1, key2:value2, ... }. The "empty dict" is just an empty pair of curly braces {}.</span><br></li><li><span class="Apple-style-span" style="font-family: Arial, sans-serif; font-size: 13px; line-height: 21px; ">Looking up or setting a value in a dict uses square brackets, e.g. dict[''foo''] looks up the value under the key ''foo''. Strings, numbers, and tuples work as keys, and any type can be a value. Other types may or may not work correctly as keys (strings and tuples work cleanly since they are immutable). Looking up a value which is not in the dict throws a KeyError -- use "in" to check if the key is in the dict, or use dict.get(key) which returns the value or None if the key is not present (or get(key, not-found) allows you to specify what value to return in the not-found case).</span><br></li><li><span class="Apple-style-span" style="font-family: Arial, sans-serif; font-size: 13px; line-height: 21px; ">A for loop on a dictionary iterates over its keys by default. The keys will appear in an arbitrary order. The methods dict.keys() and dict.values() return lists of the keys or values explicitly. There''s also an items() which returns a list of (key, value) tuples, which is the most efficient way to examine all the key value data in the dictionary. All of these lists can be passed to the sorted() function.</span><br></li><li><span class="Apple-style-span" style="font-family: Arial, sans-serif; font-size: 13px; line-height: 21px; ">There are "iter" variants of these methods called iterkeys(), itervalues() and iteritems() which avoid the cost of constructing the whole list -- a performance win if the data is huge. However, I generally prefer the plain keys() and values() methods with their sensible names. In Python 3000 revision, the need for the iterkeys() variants is going away.</span><br></li><li><span class="Apple-style-span" style="font-family: Arial, sans-serif; font-size: 13px; line-height: 21px; ">Strategy note: from a performance point of view, the dictionary is one of your greatest tools, and you should use where you can as an easy way to organize data. For example, you might read a log file where each line begins with an ip address, and store the data into a dict using the ip address as the key, and the list of lines where it appears as the value. Once you''ve read in the whole file, you can look up any ip address and instantly see its list of lines. The dictionary takes in scattered data and make it into something coherent.</span><br></li></ol><meta http-equiv="content-type" content="text/html; charset=utf-8"><blockquote class="webkit-indent-blockquote" style="margin: 0 0 0 40px; border: none; padding: 0px;"></blockquote><blockquote class="webkit-indent-blockquote" style="margin: 0 0 0 40px; border: none; padding: 0px;"></blockquote><blockquote class="webkit-indent-blockquote" style="margin: 0 0 0 40px; border: none; padding: 0px;"></blockquote>', NULL, 4, 0),
(13, 4, NULL, 'Python Utilities', '<meta http-equiv="content-type" content="text/html; charset=utf-8"><span class="Apple-style-span" style="font-family: Arial, sans-serif; font-size: 13px; line-height: 21px; ">In this section, we look at a few of Python''s many standard utility modules to solve common problems.</span><br><div><font class="Apple-style-span" face="Arial, sans-serif" size="3"><span class="Apple-style-span" style="font-size: 13px; line-height: 21px;"><div>File System -- os, os.path, shutil</div><div>The *os* and *os.path* modules include many functions to interact with the file system. The *shutil* module can copy files.</div><div><ul><li>os module docs<br></li><li>filenames = os.listdir(dir) -- list of filenames in that directory path (not including . and ..). The filenames are just the names in the directory, not their absolute paths.<br></li><li>os.path.join(dir, filename) -- given a filename from the above list, use this to put the dir and filename together to make a path<br></li><li>os.path.abspath(path) -- given a path, return an absolute form, e.g. /home/nick/foo/bar.html<br></li><li>os.path.dirname(path), os.path.basename(path) -- given dir/foo/bar.html, return the dirname "dir/foo" and basename "bar.html"<br></li><li>os.path.exists(path) -- true if it exists<br></li><li>os.mkdir(dir_path) -- makes one dir, os.makedirs(dir_path) makes all the needed dirs in this path<br></li><li>shutil.copy(source-path, dest-path) -- copy a file (dest path directories should exist)</li></ul><div><div>Exploring a module works well with the built-in python help() and dir() functions. In the interpreter, do an "import os", and then use these commands look at what''s available in the module: dir(os), help(os.listdir), dir(os.path), help(os.path.dirname).</div><div><b><span class="Apple-style-span" style="font-size: large;">Running External Processes -- commands</span></b></div><div>The *commands* module is a simple way to run an external command and capture its output.</div><div><ul><li>commands module docs<br></li><li>(status, output) = commands.getstatusoutput(cmd) -- runs the command, waits for it to exit, and returns its status int and output text as a tuple. The command is run with its standard output and standard error combined into the one output text. The status will be non-zero if the command failed. Since the standard-err of the command is captured, if it fails, we need to print some indication of what happened.<br></li><li>output = commands.getoutput(cmd) -- as above, but without the status int.<br></li><li>There is a commands.getstatus() but it does something else, so don''t use it -- dumbest bit of method naming ever!<br></li><li>If you want more control over the running of the sub-process, see the "popen2" module (http://docs.python.org/lib/module-popen2.html)<br></li><li>There is also a simple os.system(cmd) which runs the command and dumps its output onto your output and returns its error code. This works if you want to run the command but do not need to capture its output into your python data structures.<br></li></ul></div></div></div></span></font></div>', NULL, 5, 0),
(15, 5, NULL, 'Basic types: Strings', '<meta http-equiv="content-type" content="text/html; charset=utf-8"><meta http-equiv="content-type" content="text/html; charset=utf-8"><span class="Apple-style-span" style="font-family: Arial, sans-serif; font-size: 13px; line-height: 21px; "><p><b><span class="Apple-style-span" style="font-weight: normal; "></span></b></p><b><p><span class="Apple-style-span" style="font-weight: normal;">Python has a built-in string class named "str" with many handy features (there is an older module named "string" which you should not use). String literals can be enclosed by either double or single quotes, although single quotes are more commonly used. Backslash escapes work the usual way within both single and double quoted literals -- e.g. \\n \\'' \\". A double quoted string literal can contain single quotes without any fuss (e.g. "I didn''t do it") and likewise single quoted string can contain double quotes. A string literal can span multiple lines, but there must be a backslash \\ at the end of each line to escape the newline. String literals inside triple quotes, """" or '''''', can multiple lines of text.</span></p><p><ol><li><span class="Apple-style-span" style="font-weight: normal; "><b><p style="display: inline !important; "><span class="Apple-style-span" style="font-weight: normal;">Python strings are "immutable" which means they cannot be changed after they are created</span></p></b></span></li><li><span class="Apple-style-span" style="font-weight: normal; "><b><p style="display: inline !important; "><span class="Apple-style-span" style="font-weight: normal;">&nbsp;(Java strings also use this immutable style).&nbsp;</span></p></b></span></li><li><span class="Apple-style-span" style="font-weight: normal; "><b><p style="display: inline !important; "><span class="Apple-style-span" style="font-weight: normal;">Since strings can''t be changed, we construct *new* strings as we go to represent computed values.&nbsp;</span></p></b></span></li><li><span class="Apple-style-span" style="font-weight: normal; "><b><p style="display: inline !important; "><span class="Apple-style-span" style="font-weight: normal;">So for example the expression (''hello'' + ''there'') takes in the 2 strings ''hello'' and ''there'' and builds a new string ''hellothere''.</span></p></b></span><br></li></ol></p><p><span class="Apple-style-span" style="font-weight: normal;">Characters in a string can be accessed using the standard [ ] syntax, and like Java and C++, Python uses zero-based indexing, so if str is ''hello'' str[1] is ''e''. If the index is out of bounds for the string, Python raises an error. The Python style (unlike Perl) is to halt if it can''t tell what to do, rather than just make up a default value. The handy "slice" syntax (below) also works to extract any substring from a string. The len(string) function returns the length of a string. The [ ] syntax and the len() function actually work on any sequence type -- strings, lists, etc.. Python tries to make its operations work consistently across different types. Python newbie gotcha: don''t use "len" as a variable name to avoid blocking out the len() function. The ''+'' operator can concatenate two strings. Notice in the code below that variables are not pre-declared -- just assign to them and go.</span></p><p><span class="Apple-style-span" style="font-weight: normal;">Python Program</span></p><p><span class="Apple-style-span" style="font-weight: normal;">Python source files use the ".py" extension. With a Python program in file hello.py, the easiest way to run it is with the shell command "python hello.py Alice" -- loading and running the code in hello.py, passing it the command line argument "Alice".</span></p></b></span><b></b><p></p>', NULL, 2, 0),
(16, 5, NULL, 'Introduction lecture', '<meta http-equiv="content-type" content="text/html; charset=utf-8"><span class="Apple-style-span" style="font-family: Arial, sans-serif; font-size: 13px; line-height: 21px; "><p><b>Python is a dynamic, interpreted language.&nbsp;</b>Source code does not declare the types of variables or parameters or methods. This makes the code short and flexible, and you lose the compile-time type checking in the source code. Python tracks the types of all values at runtime and flags code that does not make sense as it runs. (todo: link here to the companion video segment for this section)</p><p>An excellent way to see how Python code works is to run the Python interpreter and type code right into it. If you ever have a question like "what happens if I add an int to a list?" ... just typing it into the Python interpreter is fast way to see what happens. Python code does not declare the types of variables -- just assign to them and go. Python raises a runtime error if the code tries to read from a variable that has not been given a value. Like C++ and Java, Python is case sensitive so "a" and "A" are different variables. The end of a line marks the end of a statement, so unlike C++ and Java, Python does not require a semicolon at the end of each statement. You can include semicolons at the end of Python statements (perhaps just out of habit), but it''s not the best style. Comments begin with a ''#'' and extend to the end of the line. (See&nbsp;<a href="https://developers.google.com/edu/python/set-up?hl=ru" style="cursor: pointer; color: rgb(34, 34, 34); ">Python Set Up</a>&nbsp;for how to install and Python on various operating systems.)</p></span>', NULL, 1, 0),
(17, 5, NULL, 'Classes', '<meta http-equiv="content-type" content="text/html; charset=utf-8"><span class="Apple-style-span" style="color: rgb(85, 85, 85); font-family: verdana, tahoma, ''Trebuchet MS'', arial, verdana, sans-serif; ">So, you know already a lot about data types and variables, because you have programmed lower level languages like C, C++ or other similar programming languages? In this case, it will be a good idea to continue reading this chapter on data types and variables in Python. There are integers, floating point numbers, strings, and many more, but things are not the same as in C or C++. If you want to use lists in C e.g., you will have to construe the data tpye list from scatch, i.e. design memory structure and the allocation management. You will have to implement the necessary search and access methods as well. Python provides power data types like lists as a genuine part of the language.</span><br><div><span class="Apple-style-span" style="color: rgb(85, 85, 85); font-family: verdana, tahoma, ''Trebuchet MS'', arial, verdana, sans-serif; ">As the name implies, a variable is something which can change. A variable is a way of referring to a memory location used by a computer program. A variable is a symbolic name for this physical location. This memory location contains values, like numbers, text or more complicated types.&nbsp;<br>A variable can be seen as a container (or some say a pigeonhole) to store certain values. While the program is running, variables are accessed and sometimes changed, i.e. a new value will be assigned to the variable.&nbsp;<br>One of the main differences between Python and strongly-typed languages like C, C++ or Java is the way it deals with types. In strongly-typed languages every variable must have a unique data type. E.g. if a variable is of type integer, solely integers can be saved in the variable. In Java or C, every variable has to be declared before it can be used. Declaring a variable means binding it to a data type.&nbsp;<br>Declaration of variables is not required in Python. If there is need of a variable, you think of a name and start using it as a variable.&nbsp;<br>Another remarkable aspect of Python: Not only the value of a variable may change during program execution but the type as well. You can assign an integer value to a variable, use it as an integer for a while and then assign a string to the variable.&nbsp;<br>In the following line of code, we assign the value 42 to a variable i.<br></span></div><div><span class="Apple-style-span" style="color: rgb(85, 85, 85); font-family: verdana, tahoma, ''Trebuchet MS'', arial, verdana, sans-serif; ">Every language has rules for naming identifiers. The rules in Python are the following:&nbsp;<br><br>A valid identifier is a non-empty sequence of characters of any length with:<ul><li>the start character can be the underscore "_" or a capital or lower case letter</li><li>the letters following the start character can be anything which is permitted as a start character plus the digits.</li><li>Just a warning for Windows-spoilt users: Identifiers are case-sensitive</li><li>Python keywords are not allowed as identifier names</li></ul></span></div>', NULL, 4, 0),
(18, 5, NULL, 'Functions', '<meta http-equiv="content-type" content="text/html; charset=utf-8"><span class="Apple-style-span" style="color: rgb(85, 85, 85); font-family: verdana, tahoma, ''Trebuchet MS'', arial, verdana, sans-serif; "><h2 style="font-size: 18px; letter-spacing: 1px; color: rgb(71, 96, 66); background-image: initial; background-attachment: initial; background-origin: initial; background-clip: initial; background-color: rgb(255, 255, 255); background-position: initial initial; background-repeat: initial initial; "><span class="Apple-style-span" style="color: rgb(85, 85, 85); font-weight: normal; letter-spacing: normal; font-size: 14px; ">The history of Python starts with ABC. This doesn''t mean the "American Broadcasting Company" nor the New Wave band ABC, but the programming language ABC. ABC is a general-purpose programming language and programming environment, which had been developed in the Netherlands, Amsterdam, at the CWI (Centrum Wiskunde &amp; Informatica). The greatest achievement of ABC was to influence the design of Python.&nbsp;</span></h2><p>Python was conceptualized in the late 1980s. Guido van Rossum worked that time in a project at the CWI, called Amoeba, a distributed operating system. He programmed in ABC. In an interview with Bill Venners (January 2003), Guido van Rossum said: "I remembered all my experience and some of my frustration with ABC. I decided to try to design a simple scripting language that possessed some of ABC''s better properties, but without its problems. So I started typing. I created a simple virtual machine, a simple parser, and a simple runtime. I made my own version of the various ABC parts that I liked. I created a basic syntax, used indentation for statement grouping instead of curly braces or begin-end blocks, and developed a small number of powerful data types: a hash table ( or dictionary, as we call it), a list, strings, and numbers. "&nbsp;<br><br>So, what about the name "Python": Most people think about snakes, but the name has something to do with excellent Britisch humour. Guido van Rossum, the creator of Python, wrote in 1996 about the origin of the name of his programming language: "Over six years ago, in December 1989, I was looking for a ''hobby'' programming project that would keep me occupied during the week around Christmas. My office ... would be closed, but I had a home computer, and not much else on my hands. I decided to write an interpreter for the new scripting language I had been thinking about lately: a descendant of ABC that would appeal to Unix/C hackers. I chose Python as a working title for the project, being in a slightly irreverent mood (and a big fan of Monty Python''s Flying Circus)."</p></span>', NULL, 5, 0),
(19, 2, NULL, 'Creating Tables', '<meta http-equiv="content-type" content="text/html; charset=utf-8"><span class="Apple-style-span" style="color: rgb(0, 0, 0); font-family: Verdana, Arial, sans-serif; font-size: small; "><span class="Apple-style-span" style="font-weight: normal; font-size: small; ">The&nbsp;<strong>create table</strong>&nbsp;statement is used to create a new table. Here is the format of a simple&nbsp;<strong>create table</strong>&nbsp;statement:</span><br><pre style="margin-left: 15px; font-size: small; "><code style="font-family: Courier, monospace; color: rgb(0, 102, 0); ">create table "tablename"\n("column1" "data type",\n "column2" "data type",\n "column3" "data type");</code></pre><p style="font-family: Verdana, Arial, sans-serif; font-size: small; ">Format of create table if you were to use optional constraints:</p><pre style="margin-left: 15px; font-size: small; "><code style="font-family: Courier, monospace; color: rgb(0, 102, 0); ">create table "tablename"\n("column1" "data type" \n         [constraint],\n "column2" "data type" \n         [constraint],\n "column3" "data type" \n        [constraint]);\n [ ] = optional</code></pre><p style="font-family: Verdana, Arial, sans-serif; font-size: small; "><strong>Note:</strong>&nbsp;You may have as many columns as you''d like, and the constraints are optional.</p><p style="font-family: Verdana, Arial, sans-serif; font-size: small; "><strong>Example:</strong></p><pre style="margin-left: 15px; font-size: small; "><code style="font-family: Courier, monospace; color: rgb(0, 102, 0); ">create table employee\n(first varchar(15),\n last varchar(20),\n age number(3),\n address varchar(30),\n city varchar(20),\n state varchar(20));</code></pre><p style="font-family: Verdana, Arial, sans-serif; font-size: small; ">To create a new table, enter the keywords&nbsp;<strong>create table</strong>&nbsp;followed by the table name, followed by an open parenthesis, followed by the first column name, followed by the data type for that column, followed by any optional constraints, and followed by a closing parenthesis. It is important to make sure you use an open parenthesis before the beginning table, and a closing parenthesis after the end of the last column definition. Make sure you seperate each column definition with a comma. All SQL statements should end with a ";".</p><p style="font-family: Verdana, Arial, sans-serif; font-size: small; ">The table and column names must start with a letter and can be followed by letters, numbers, or underscores - not to exceed a total of 30 characters in length. Do not use any SQL reserved keywords as names for tables or column names (such as "select", "create", "insert", etc).</p><p style="font-family: Verdana, Arial, sans-serif; font-size: small; ">Data types specify what the type of data can be for that particular column. If a column called "Last_Name", is to be used to hold names, then that particular column should have a "varchar" (variable-length character) data type.</p></span>', NULL, 3, 0);
INSERT INTO `lectures` (`id`, `course_id`, `test_id`, `title`, `body`, `raite`, `number_in_course`, `deleted`) VALUES
(20, 2, NULL, 'Inserting into a Table', '<meta http-equiv="content-type" content="text/html; charset=utf-8"><span class="Apple-style-span" style="color: rgb(0, 0, 0); font-family: Verdana, Arial, sans-serif; font-size: small; "><span class="Apple-style-span" style="font-weight: normal; font-size: small; ">The&nbsp;<strong>insert</strong>&nbsp;statement is used to insert or add a row of data into the table.</span><br><p style="font-family: Verdana, Arial, sans-serif; font-size: small; ">To insert records into a table, enter the key words&nbsp;<strong>insert into</strong>&nbsp;followed by the table name, followed by an open parenthesis, followed by a list of column names separated by commas, followed by a closing parenthesis, followed by the keyword&nbsp;<strong>values</strong>, followed by the list of values enclosed in parenthesis. The values that you enter will be held in the rows and they will match up with the column names that you specify. Strings should be enclosed in single quotes, and numbers should not.</p><pre style="margin-left: 15px; font-size: small; "><code style="font-family: Courier, monospace; color: rgb(0, 102, 0); ">insert into "tablename"<br> (first_column,...last_column)<br>  values (first_value,...last_value);</code></pre><p style="font-family: Verdana, Arial, sans-serif; font-size: small; ">In the example below, the column name&nbsp;<code style="font-family: Courier, monospace; color: rgb(0, 102, 0); ">first</code>&nbsp;will match up with the value&nbsp;<code style="font-family: Courier, monospace; color: rgb(0, 102, 0); ">''Luke''</code>, and the column name&nbsp;<code style="font-family: Courier, monospace; color: rgb(0, 102, 0); ">state</code>&nbsp;will match up with the value<code style="font-family: Courier, monospace; color: rgb(0, 102, 0); ">''Georgia''</code>.</p><p style="font-family: Verdana, Arial, sans-serif; font-size: small; "><strong>Example:</strong></p><pre style="margin-left: 15px; font-size: small; "><code style="font-family: Courier, monospace; color: rgb(0, 102, 0); ">insert into employee<br>  (first, last, age, address, city, state)<br>  values (''Luke'', ''Duke'', 45, ''2130 Boars Nest'', <br>          ''Hazard Co'', ''Georgia'');</code></pre><p style="font-family: Verdana, Arial, sans-serif; font-size: small; "><strong>Note:</strong>&nbsp;All strings should be enclosed between&nbsp;<strong>single</strong>&nbsp;quotes:&nbsp;<code style="font-family: Courier, monospace; color: rgb(0, 102, 0); ">''string''</code></p><h3 style="font-family: Verdana, Arial, sans-serif; font-size: 14px; font-weight: bold; ">Insert statement exercises</h3><p style="font-family: Verdana, Arial, sans-serif; font-size: small; ">It is time to insert data into your new employee table.</p><p style="font-family: Verdana, Arial, sans-serif; font-size: small; ">Your first three employees are the following:</p><p style="font-family: Verdana, Arial, sans-serif; font-size: small; ">Jonie Weber, Secretary, 28, 19500.00<br>Potsy Weber, Programmer, 32, 45300.00<br>Dirk Smith, Programmer II, 45, 75020.00</p><p style="font-family: Verdana, Arial, sans-serif; font-size: small; ">Enter these employees into your table first, and then insert at least 5 more of your own list of employees in the table.</p><p style="font-family: Verdana, Arial, sans-serif; font-size: small; ">After they''re inserted into the table, enter select statements to:</p><ol style="font-family: Verdana, Arial, sans-serif; font-size: small; "><li style="font-family: Verdana, Arial, sans-serif; font-size: small; ">Select all columns for everyone in your employee table.</li><li style="font-family: Verdana, Arial, sans-serif; font-size: small; ">Select all columns for everyone with a salary over 30000.</li><li style="font-family: Verdana, Arial, sans-serif; font-size: small; ">Select first and last names for everyone that''s under 30 years old.</li><li style="font-family: Verdana, Arial, sans-serif; font-size: small; ">Select first name, last name, and salary for anyone with "Programmer" in their title.</li><li style="font-family: Verdana, Arial, sans-serif; font-size: small; ">Select all columns for everyone whose last name contains "ebe".</li><li style="font-family: Verdana, Arial, sans-serif; font-size: small; ">Select the first name for everyone whose first name equals "Potsy".</li><li style="font-family: Verdana, Arial, sans-serif; font-size: small; ">Select all columns for everyone over 80 years old.</li><li style="font-family: Verdana, Arial, sans-serif; font-size: small; ">Select all columns for everyone whose last name ends in "ith".</li></ol><p style="font-family: Verdana, Arial, sans-serif; font-size: small; ">Create at least 5 of your own select statements based on specific information that you''d like to retrieve.</p></span>', NULL, 4, 0),
(21, 6, NULL, 'Everything is an object', '<meta http-equiv="content-type" content="text/html; charset=utf-8"><span class="Apple-style-span" style="color: rgb(0, 0, 0); font-family: proxima-nova-1, Helvetica, Arial, sans-serif; line-height: 24px; "><h1 style="margin-top: 0.5em; margin-right: 0px; margin-bottom: 0.5em; margin-left: 0px; padding-top: 0px; padding-right: 0px; padding-bottom: 0px; padding-left: 0px; border-top-width: 0px; border-right-width: 0px; border-bottom-width: 0px; border-left-width: 0px; border-style: initial; border-color: initial; outline-width: 0px; outline-style: initial; outline-color: initial; font-size: 24px; vertical-align: baseline; background-image: initial; background-attachment: initial; background-origin: initial; background-clip: initial; background-color: transparent; font-weight: bold; color-profile: srgb; font-family: HelveticaNeue-Light, ''Helvetica Neue Light'', ''Helvetica Neue'', Frutiger, ''Frutiger Linotype'', Univers, Calibri, ''Gill Sans'', ''Gill Sans MT'', ''Myriad Pro'', Myriad, ''DejaVu Sans Condensed'', ''Liberation Sans'', ''Nimbus Sans L'', Tahoma, Geneva, Helvetica, Arial, ''sans serif''; letter-spacing: 0.02em; line-height: 30px; background-position: initial initial; background-repeat: initial initial; "><span class="Apple-style-span" style="font-family: proxima-nova-1, Helvetica, Arial, sans-serif; font-weight: normal; line-height: 24px; font-size: 14px; ">We will begin our journey with objects.</span><br></h1><div class="collapsible" style="margin-top: 0px; margin-right: 0px; margin-bottom: 0px; margin-left: 0px; padding-top: 0px; padding-right: 0px; padding-bottom: 0px; padding-left: 0px; border-top-width: 0px; border-right-width: 0px; border-bottom-width: 0px; border-left-width: 0px; border-style: initial; border-color: initial; outline-width: 0px; outline-style: initial; outline-color: initial; font-size: 14px; vertical-align: baseline; background-image: initial; background-attachment: initial; background-origin: initial; background-clip: initial; background-color: transparent; color-profile: srgb; background-position: initial initial; background-repeat: initial initial; "><p style="margin-top: 0px; margin-right: 0px; margin-bottom: 1.5em; margin-left: 0px; padding-top: 0px; padding-right: 0px; padding-bottom: 0px; padding-left: 0px; border-top-width: 0px; border-right-width: 0px; border-bottom-width: 0px; border-left-width: 0px; border-style: initial; border-color: initial; outline-width: 0px; outline-style: initial; outline-color: initial; font-size: 14px; vertical-align: baseline; background-image: initial; background-attachment: initial; background-origin: initial; background-clip: initial; background-color: transparent; color-profile: srgb; background-position: initial initial; background-repeat: initial initial; "><a class="tweetable" href="https://twitter.com/share?original_referer=http://rubymonk.com/&amp;source=tweetbutton&amp;url=http://rubymonk.com/&amp;via=rubymonk&amp;text=In+Ruby+there+are+no+primitives.+Everything+is+an+object+-+integers,+characters,+arrays+-+everything." target="_blank" style="margin-top: 0px; margin-right: 0px; margin-bottom: 0px; margin-left: 0px; padding-top: 0px; padding-right: 0px; padding-bottom: 0px; padding-left: 0px; font-size: 14px; vertical-align: baseline; background-image: initial; background-attachment: initial; background-origin: initial; background-clip: initial; background-color: rgb(255, 255, 102); color-profile: srgb; color: inherit; text-decoration: none; background-position: initial initial; background-repeat: initial initial; ">In Ruby, just like in real life, our world is filled with objects. Everything is an object - integers, characters, text, arrays - everything.</a></p><p style="margin-top: 0px; margin-right: 0px; margin-bottom: 1.5em; margin-left: 0px; padding-top: 0px; padding-right: 0px; padding-bottom: 0px; padding-left: 0px; border-top-width: 0px; border-right-width: 0px; border-bottom-width: 0px; border-left-width: 0px; border-style: initial; border-color: initial; outline-width: 0px; outline-style: initial; outline-color: initial; font-size: 14px; vertical-align: baseline; background-image: initial; background-attachment: initial; background-origin: initial; background-clip: initial; background-color: transparent; color-profile: srgb; background-position: initial initial; background-repeat: initial initial; ">To make things happen using Ruby, one always puts oneself in the place of an object and then has conversations with other objects, telling them to do stuff.</p><p style="margin-top: 0px; margin-right: 0px; margin-bottom: 1.5em; margin-left: 0px; padding-top: 0px; padding-right: 0px; padding-bottom: 0px; padding-left: 0px; border-top-width: 0px; border-right-width: 0px; border-bottom-width: 0px; border-left-width: 0px; border-style: initial; border-color: initial; outline-width: 0px; outline-style: initial; outline-color: initial; font-size: 14px; vertical-align: baseline; background-image: initial; background-attachment: initial; background-origin: initial; background-clip: initial; background-color: transparent; color-profile: srgb; background-position: initial initial; background-repeat: initial initial; ">Roleplaying as an object in your program is an integral part of object-oriented programming. To know which object you are at the moment, one may use the keyword&nbsp;<code style="margin-top: 0px; margin-right: 0px; margin-bottom: 0px; margin-left: 0px; padding-top: 0px; padding-right: 0.4em; padding-bottom: 0px; padding-left: 0.4em; border-top-width: 1px; border-right-width: 1px; border-bottom-width: 1px; border-left-width: 1px; border-style: initial; border-color: initial; outline-width: 0px; outline-style: initial; outline-color: initial; font-size: 12px; vertical-align: baseline; background-image: initial; background-attachment: initial; background-origin: initial; background-clip: initial; background-color: rgb(248, 248, 255); font-family: monospace, sans-serif; color-profile: srgb; border-top-style: solid; border-right-style: solid; border-bottom-style: solid; border-left-style: solid; border-top-color: rgb(222, 222, 222); border-right-color: rgb(222, 222, 222); border-bottom-color: rgb(222, 222, 222); border-left-color: rgb(222, 222, 222); color: rgb(68, 68, 68); background-position: initial initial; background-repeat: initial initial; ">self</code>.</p><p style="margin-top: 0px; margin-right: 0px; margin-bottom: 1.5em; margin-left: 0px; padding-top: 0px; padding-right: 0px; padding-bottom: 0px; padding-left: 0px; border-top-width: 0px; border-right-width: 0px; border-bottom-width: 0px; border-left-width: 0px; border-style: initial; border-color: initial; outline-width: 0px; outline-style: initial; outline-color: initial; font-size: 14px; vertical-align: baseline; background-image: initial; background-attachment: initial; background-origin: initial; background-clip: initial; background-color: transparent; color-profile: srgb; background-position: initial initial; background-repeat: initial initial; "><meta http-equiv="content-type" content="text/html; charset=utf-8"><p style="margin-top: 0px; margin-right: 0px; margin-bottom: 1.5em; margin-left: 0px; padding-top: 0px; padding-right: 0px; padding-bottom: 0px; padding-left: 0px; border-top-width: 0px; border-right-width: 0px; border-bottom-width: 0px; border-left-width: 0px; border-style: initial; border-color: initial; outline-width: 0px; outline-style: initial; outline-color: initial; font-size: 14px; vertical-align: baseline; background-image: initial; background-attachment: initial; background-origin: initial; background-clip: initial; background-color: transparent; color-profile: srgb; background-position: initial initial; background-repeat: initial initial; ">As you can see, if you don''t specify which object you are, you automatically play the role of the&nbsp;<code style="margin-top: 0px; margin-right: 0px; margin-bottom: 0px; margin-left: 0px; padding-top: 0px; padding-right: 0.4em; padding-bottom: 0px; padding-left: 0.4em; border-top-width: 1px; border-right-width: 1px; border-bottom-width: 1px; border-left-width: 1px; border-style: initial; border-color: initial; outline-width: 0px; outline-style: initial; outline-color: initial; font-size: 12px; vertical-align: baseline; background-image: initial; background-attachment: initial; background-origin: initial; background-clip: initial; background-color: rgb(248, 248, 255); font-family: monospace, sans-serif; color-profile: srgb; border-top-style: solid; border-right-style: solid; border-bottom-style: solid; border-left-style: solid; border-top-color: rgb(222, 222, 222); border-right-color: rgb(222, 222, 222); border-bottom-color: rgb(222, 222, 222); border-left-color: rgb(222, 222, 222); color: rgb(68, 68, 68); background-position: initial initial; background-repeat: initial initial; ">main</code>object that Ruby provides us by default.</p><p style="margin-top: 0px; margin-right: 0px; margin-bottom: 1.5em; margin-left: 0px; padding-top: 0px; padding-right: 0px; padding-bottom: 0px; padding-left: 0px; border-top-width: 0px; border-right-width: 0px; border-bottom-width: 0px; border-left-width: 0px; border-style: initial; border-color: initial; outline-width: 0px; outline-style: initial; outline-color: initial; font-size: 14px; vertical-align: baseline; background-image: initial; background-attachment: initial; background-origin: initial; background-clip: initial; background-color: transparent; color-profile: srgb; background-position: initial initial; background-repeat: initial initial; ">We''ll delve into how one can play the role of different objects and why this is useful a little further down the line.</p></p></div></span>', NULL, 1, 0),
(22, 6, NULL, 'Looking up methods', '<meta http-equiv="content-type" content="text/html; charset=utf-8"><span class="Apple-style-span" style="color: rgb(0, 0, 0); font-family: proxima-nova-1, Helvetica, Arial, sans-serif; line-height: 24px; ">Ruby objects are happy to tell you what methods they provide.&nbsp;<a class="tweetable" href="https://twitter.com/share?original_referer=http://rubymonk.com/&amp;source=tweetbutton&amp;url=http://rubymonk.com/&amp;via=rubymonk&amp;text=In+Ruby,+you+can+list+all+the+methods+of+an+object+by+calling+''.methods''+method+on+it" target="_blank" style="margin-top: 0px; margin-right: 0px; margin-bottom: 0px; margin-left: 0px; padding-top: 0px; padding-right: 0px; padding-bottom: 0px; padding-left: 0px; font-size: 14px; vertical-align: baseline; background-image: initial; background-attachment: initial; background-origin: initial; background-clip: initial; background-color: rgb(255, 255, 102); color-profile: srgb; color: inherit; text-decoration: none; background-position: initial initial; background-repeat: initial initial; ">You simply call the&nbsp;<code style="margin-top: 0px; margin-right: 0px; margin-bottom: 0px; margin-left: 0px; padding-top: 0px; padding-right: 0.4em; padding-bottom: 0px; padding-left: 0.4em; border-top-width: 1px; border-right-width: 1px; border-bottom-width: 1px; border-left-width: 1px; border-style: initial; border-color: initial; outline-width: 0px; outline-style: initial; outline-color: initial; font-size: 12px; vertical-align: baseline; background-image: initial; background-attachment: initial; background-origin: initial; background-clip: initial; background-color: rgb(248, 248, 255); font-family: monospace, sans-serif; color-profile: srgb; border-top-style: solid; border-right-style: solid; border-bottom-style: solid; border-left-style: solid; border-top-color: rgb(222, 222, 222); border-right-color: rgb(222, 222, 222); border-bottom-color: rgb(222, 222, 222); border-left-color: rgb(222, 222, 222); color: rgb(68, 68, 68); background-position: initial initial; background-repeat: initial initial; ">methods</code>&nbsp;method on them.</a></span><br><div><meta http-equiv="content-type" content="text/html; charset=utf-8"><span class="Apple-style-span" style="color: rgb(0, 0, 0); font-family: proxima-nova-1, Helvetica, Arial, sans-serif; line-height: 24px; ">s you can see, you get a listing of all the methods on the number&nbsp;<code style="margin-top: 0px; margin-right: 0px; margin-bottom: 0px; margin-left: 0px; padding-top: 0px; padding-right: 0.4em; padding-bottom: 0px; padding-left: 0.4em; border-top-width: 1px; border-right-width: 1px; border-bottom-width: 1px; border-left-width: 1px; border-style: initial; border-color: initial; outline-width: 0px; outline-style: initial; outline-color: initial; font-size: 12px; vertical-align: baseline; background-image: initial; background-attachment: initial; background-origin: initial; background-clip: initial; background-color: rgb(248, 248, 255); font-family: monospace, sans-serif; color-profile: srgb; border-top-style: solid; border-right-style: solid; border-bottom-style: solid; border-left-style: solid; border-top-color: rgb(222, 222, 222); border-right-color: rgb(222, 222, 222); border-bottom-color: rgb(222, 222, 222); border-left-color: rgb(222, 222, 222); color: rgb(68, 68, 68); background-position: initial initial; background-repeat: initial initial; ">1</code>&nbsp;that you could invoke. The names are prefixed with a colon (<code style="margin-top: 0px; margin-right: 0px; margin-bottom: 0px; margin-left: 0px; padding-top: 0px; padding-right: 0.4em; padding-bottom: 0px; padding-left: 0.4em; border-top-width: 1px; border-right-width: 1px; border-bottom-width: 1px; border-left-width: 1px; border-style: initial; border-color: initial; outline-width: 0px; outline-style: initial; outline-color: initial; font-size: 12px; vertical-align: baseline; background-image: initial; background-attachment: initial; background-origin: initial; background-clip: initial; background-color: rgb(248, 248, 255); font-family: monospace, sans-serif; color-profile: srgb; border-top-style: solid; border-right-style: solid; border-bottom-style: solid; border-left-style: solid; border-top-color: rgb(222, 222, 222); border-right-color: rgb(222, 222, 222); border-bottom-color: rgb(222, 222, 222); border-left-color: rgb(222, 222, 222); color: rgb(68, 68, 68); background-position: initial initial; background-repeat: initial initial; ">:</code>) that you can safely ignore for now. If you find the results too muddled, you can easily sort them alphabetically.&nbsp;</span><br></div><div><span class="Apple-style-span" style="color: rgb(0, 0, 0); font-family: proxima-nova-1, Helvetica, Arial, sans-serif; line-height: 24px; "><meta http-equiv="content-type" content="text/html; charset=utf-8"><h1 style="margin-top: 0.5em; margin-right: 0px; margin-bottom: 0.5em; margin-left: 0px; padding-top: 0px; padding-right: 0px; padding-bottom: 0px; padding-left: 0px; border-top-width: 0px; border-right-width: 0px; border-bottom-width: 0px; border-left-width: 0px; border-style: initial; border-color: initial; outline-width: 0px; outline-style: initial; outline-color: initial; font-size: 24px; vertical-align: baseline; background-image: initial; background-attachment: initial; background-origin: initial; background-clip: initial; background-color: transparent; font-weight: bold; color-profile: srgb; font-family: HelveticaNeue-Light, ''Helvetica Neue Light'', ''Helvetica Neue'', Frutiger, ''Frutiger Linotype'', Univers, Calibri, ''Gill Sans'', ''Gill Sans MT'', ''Myriad Pro'', Myriad, ''DejaVu Sans Condensed'', ''Liberation Sans'', ''Nimbus Sans L'', Tahoma, Geneva, Helvetica, Arial, ''sans serif''; letter-spacing: 0.02em; line-height: 30px; background-position: initial initial; background-repeat: initial initial; ">Invoking methods with arguments</h1><div class="collapsible" style="margin-top: 0px; margin-right: 0px; margin-bottom: 0px; margin-left: 0px; padding-top: 0px; padding-right: 0px; padding-bottom: 0px; padding-left: 0px; border-top-width: 0px; border-right-width: 0px; border-bottom-width: 0px; border-left-width: 0px; border-style: initial; border-color: initial; outline-width: 0px; outline-style: initial; outline-color: initial; font-size: 14px; vertical-align: baseline; background-image: initial; background-attachment: initial; background-origin: initial; background-clip: initial; background-color: transparent; color-profile: srgb; background-position: initial initial; background-repeat: initial initial; "><p style="margin-top: 0px; margin-right: 0px; margin-bottom: 1.5em; margin-left: 0px; padding-top: 0px; padding-right: 0px; padding-bottom: 0px; padding-left: 0px; border-top-width: 0px; border-right-width: 0px; border-bottom-width: 0px; border-left-width: 0px; border-style: initial; border-color: initial; outline-width: 0px; outline-style: initial; outline-color: initial; font-size: 14px; vertical-align: baseline; background-image: initial; background-attachment: initial; background-origin: initial; background-clip: initial; background-color: transparent; color-profile: srgb; background-position: initial initial; background-repeat: initial initial; ">When talking to an object via its methods, it is possible to give it additional information so it can give you an appropriate response.</p><p style="margin-top: 0px; margin-right: 0px; margin-bottom: 1.5em; margin-left: 0px; padding-top: 0px; padding-right: 0px; padding-bottom: 0px; padding-left: 0px; border-top-width: 0px; border-right-width: 0px; border-bottom-width: 0px; border-left-width: 0px; border-style: initial; border-color: initial; outline-width: 0px; outline-style: initial; outline-color: initial; font-size: 14px; vertical-align: baseline; background-image: initial; background-attachment: initial; background-origin: initial; background-clip: initial; background-color: transparent; color-profile: srgb; background-position: initial initial; background-repeat: initial initial; ">This additional information is called the "arguments to a method." The name "argument" makes sense if you stop to think about the fact that methods are the paths of communication between objects.</p></div></span></div>', NULL, 2, 0),
(23, 6, NULL, 'Special Methods', '<meta http-equiv="content-type" content="text/html; charset=utf-8"><span class="Apple-style-span" style="color: rgb(0, 0, 0); font-family: proxima-nova-1, Helvetica, Arial, sans-serif; line-height: 24px; "><p style="margin-top: 0px; margin-right: 0px; margin-bottom: 1.5em; margin-left: 0px; padding-top: 0px; padding-right: 0px; padding-bottom: 0px; padding-left: 0px; border-top-width: 0px; border-right-width: 0px; border-bottom-width: 0px; border-left-width: 0px; border-style: initial; border-color: initial; outline-width: 0px; outline-style: initial; outline-color: initial; font-size: 14px; vertical-align: baseline; background-image: initial; background-attachment: initial; background-origin: initial; background-clip: initial; background-color: transparent; color-profile: srgb; background-position: initial initial; background-repeat: initial initial; ">As an observant initiate, you''ve probably noticed that in the last lesson, Integer objects list mathematical operators like&nbsp;<code style="margin-top: 0px; margin-right: 0px; margin-bottom: 0px; margin-left: 0px; padding-top: 0px; padding-right: 0.4em; padding-bottom: 0px; padding-left: 0.4em; border-top-width: 1px; border-right-width: 1px; border-bottom-width: 1px; border-left-width: 1px; border-style: initial; border-color: initial; outline-width: 0px; outline-style: initial; outline-color: initial; font-size: 12px; vertical-align: baseline; background-image: initial; background-attachment: initial; background-origin: initial; background-clip: initial; background-color: rgb(248, 248, 255); font-family: monospace, sans-serif; color-profile: srgb; border-top-style: solid; border-right-style: solid; border-bottom-style: solid; border-left-style: solid; border-top-color: rgb(222, 222, 222); border-right-color: rgb(222, 222, 222); border-bottom-color: rgb(222, 222, 222); border-left-color: rgb(222, 222, 222); color: rgb(68, 68, 68); background-position: initial initial; background-repeat: initial initial; ">+</code>&nbsp;and&nbsp;<code style="margin-top: 0px; margin-right: 0px; margin-bottom: 0px; margin-left: 0px; padding-top: 0px; padding-right: 0.4em; padding-bottom: 0px; padding-left: 0.4em; border-top-width: 1px; border-right-width: 1px; border-bottom-width: 1px; border-left-width: 1px; border-style: initial; border-color: initial; outline-width: 0px; outline-style: initial; outline-color: initial; font-size: 12px; vertical-align: baseline; background-image: initial; background-attachment: initial; background-origin: initial; background-clip: initial; background-color: rgb(248, 248, 255); font-family: monospace, sans-serif; color-profile: srgb; border-top-style: solid; border-right-style: solid; border-bottom-style: solid; border-left-style: solid; border-top-color: rgb(222, 222, 222); border-right-color: rgb(222, 222, 222); border-bottom-color: rgb(222, 222, 222); border-left-color: rgb(222, 222, 222); color: rgb(68, 68, 68); background-position: initial initial; background-repeat: initial initial; ">-</code>&nbsp;among their methods. You probably also thought to yourself that invoking the<code style="margin-top: 0px; margin-right: 0px; margin-bottom: 0px; margin-left: 0px; padding-top: 0px; padding-right: 0.4em; padding-bottom: 0px; padding-left: 0.4em; border-top-width: 1px; border-right-width: 1px; border-bottom-width: 1px; border-left-width: 1px; border-style: initial; border-color: initial; outline-width: 0px; outline-style: initial; outline-color: initial; font-size: 12px; vertical-align: baseline; background-image: initial; background-attachment: initial; background-origin: initial; background-clip: initial; background-color: rgb(248, 248, 255); font-family: monospace, sans-serif; color-profile: srgb; border-top-style: solid; border-right-style: solid; border-bottom-style: solid; border-left-style: solid; border-top-color: rgb(222, 222, 222); border-right-color: rgb(222, 222, 222); border-bottom-color: rgb(222, 222, 222); border-left-color: rgb(222, 222, 222); color: rgb(68, 68, 68); background-position: initial initial; background-repeat: initial initial; ">+</code>&nbsp;method like so -&nbsp;<code style="margin-top: 0px; margin-right: 0px; margin-bottom: 0px; margin-left: 0px; padding-top: 0px; padding-right: 0.4em; padding-bottom: 0px; padding-left: 0.4em; border-top-width: 1px; border-right-width: 1px; border-bottom-width: 1px; border-left-width: 1px; border-style: initial; border-color: initial; outline-width: 0px; outline-style: initial; outline-color: initial; font-size: 12px; vertical-align: baseline; background-image: initial; background-attachment: initial; background-origin: initial; background-clip: initial; background-color: rgb(248, 248, 255); font-family: monospace, sans-serif; color-profile: srgb; border-top-style: solid; border-right-style: solid; border-bottom-style: solid; border-left-style: solid; border-top-color: rgb(222, 222, 222); border-right-color: rgb(222, 222, 222); border-bottom-color: rgb(222, 222, 222); border-left-color: rgb(222, 222, 222); color: rgb(68, 68, 68); background-position: initial initial; background-repeat: initial initial; ">1.+(2)</code>&nbsp;- to add two numbers would be... clumsy.</p><p style="margin-top: 0px; margin-right: 0px; margin-bottom: 1.5em; margin-left: 0px; padding-top: 0px; padding-right: 0px; padding-bottom: 0px; padding-left: 0px; border-top-width: 0px; border-right-width: 0px; border-bottom-width: 0px; border-left-width: 0px; border-style: initial; border-color: initial; outline-width: 0px; outline-style: initial; outline-color: initial; font-size: 14px; vertical-align: baseline; background-image: initial; background-attachment: initial; background-origin: initial; background-clip: initial; background-color: transparent; color-profile: srgb; background-position: initial initial; background-repeat: initial initial; ">It is, though it works just fine - try for yourself by adding&nbsp;<code style="margin-top: 0px; margin-right: 0px; margin-bottom: 0px; margin-left: 0px; padding-top: 0px; padding-right: 0.4em; padding-bottom: 0px; padding-left: 0.4em; border-top-width: 1px; border-right-width: 1px; border-bottom-width: 1px; border-left-width: 1px; border-style: initial; border-color: initial; outline-width: 0px; outline-style: initial; outline-color: initial; font-size: 12px; vertical-align: baseline; background-image: initial; background-attachment: initial; background-origin: initial; background-clip: initial; background-color: rgb(248, 248, 255); font-family: monospace, sans-serif; color-profile: srgb; border-top-style: solid; border-right-style: solid; border-bottom-style: solid; border-left-style: solid; border-top-color: rgb(222, 222, 222); border-right-color: rgb(222, 222, 222); border-bottom-color: rgb(222, 222, 222); border-left-color: rgb(222, 222, 222); color: rgb(68, 68, 68); background-position: initial initial; background-repeat: initial initial; ">4</code>&nbsp;to&nbsp;<code style="margin-top: 0px; margin-right: 0px; margin-bottom: 0px; margin-left: 0px; padding-top: 0px; padding-right: 0.4em; padding-bottom: 0px; padding-left: 0.4em; border-top-width: 1px; border-right-width: 1px; border-bottom-width: 1px; border-left-width: 1px; border-style: initial; border-color: initial; outline-width: 0px; outline-style: initial; outline-color: initial; font-size: 12px; vertical-align: baseline; background-image: initial; background-attachment: initial; background-origin: initial; background-clip: initial; background-color: rgb(248, 248, 255); font-family: monospace, sans-serif; color-profile: srgb; border-top-style: solid; border-right-style: solid; border-bottom-style: solid; border-left-style: solid; border-top-color: rgb(222, 222, 222); border-right-color: rgb(222, 222, 222); border-bottom-color: rgb(222, 222, 222); border-left-color: rgb(222, 222, 222); color: rgb(68, 68, 68); background-position: initial initial; background-repeat: initial initial; ">3</code>&nbsp;in the exercise below.</p><p style="margin-top: 0px; margin-right: 0px; margin-bottom: 1.5em; margin-left: 0px; padding-top: 0px; padding-right: 0px; padding-bottom: 0px; padding-left: 0px; border-top-width: 0px; border-right-width: 0px; border-bottom-width: 0px; border-left-width: 0px; border-style: initial; border-color: initial; outline-width: 0px; outline-style: initial; outline-color: initial; font-size: 14px; vertical-align: baseline; background-image: initial; background-attachment: initial; background-origin: initial; background-clip: initial; background-color: transparent; color-profile: srgb; background-position: initial initial; background-repeat: initial initial; "><meta http-equiv="content-type" content="text/html; charset=utf-8">Ruby as a language aims to be extremely programmer-friendly, so you can usually safely assume that there is a better way.<br></p><p style="margin-top: 0px; margin-right: 0px; margin-bottom: 1.5em; margin-left: 0px; padding-top: 0px; padding-right: 0px; padding-bottom: 0px; padding-left: 0px; border-top-width: 0px; border-right-width: 0px; border-bottom-width: 0px; border-left-width: 0px; border-style: initial; border-color: initial; outline-width: 0px; outline-style: initial; outline-color: initial; font-size: 14px; vertical-align: baseline; background-image: initial; background-attachment: initial; background-origin: initial; background-clip: initial; background-color: transparent; color-profile: srgb; background-position: initial initial; background-repeat: initial initial; "><meta http-equiv="content-type" content="text/html; charset=utf-8">Let us rephrase the previous example in a more natural syntax by omitting the periods and brackets.<br></p></span>', NULL, 3, 0),
(24, 6, NULL, 'String construction', '<meta http-equiv="content-type" content="text/html; charset=utf-8"><span class="Apple-style-span" style="color: rgb(0, 0, 0); font-family: proxima-nova-1, Helvetica, Arial, sans-serif; line-height: 24px; ">In doing lies the true path, so let us begin by doing. Type out&nbsp;<code style="margin-top: 0px; margin-right: 0px; margin-bottom: 0px; margin-left: 0px; padding-top: 0px; padding-right: 0.4em; padding-bottom: 0px; padding-left: 0.4em; border-top-width: 1px; border-right-width: 1px; border-bottom-width: 1px; border-left-width: 1px; border-style: initial; border-color: initial; outline-width: 0px; outline-style: initial; outline-color: initial; font-size: 12px; vertical-align: baseline; background-image: initial; background-attachment: initial; background-origin: initial; background-clip: initial; background-color: rgb(248, 248, 255); font-family: monospace, sans-serif; color-profile: srgb; border-top-style: solid; border-right-style: solid; border-bottom-style: solid; border-left-style: solid; border-top-color: rgb(222, 222, 222); border-right-color: rgb(222, 222, 222); border-bottom-color: rgb(222, 222, 222); border-left-color: rgb(222, 222, 222); color: rgb(68, 68, 68); background-position: initial initial; background-repeat: initial initial; ">"Ruby Monk"</code>&nbsp;in the box below (remember to include the quotes).</span><br><div><span class="Apple-style-span" style="color: rgb(0, 0, 0); font-family: proxima-nova-1, Helvetica, Arial, sans-serif; line-height: 24px; ">Strings are key to communicating with a user and programming apprentices will encounter and start manipulating strings from the earliest stages of their journey. In this lesson, we will explore some of the tools Ruby provides to create and manipulate strings.<br></span></div><div><span class="Apple-style-span" style="color: rgb(0, 0, 0); font-family: proxima-nova-1, Helvetica, Arial, sans-serif; line-height: 24px; "><meta http-equiv="content-type" content="text/html; charset=utf-8"><h1 style="margin-top: 0.5em; margin-right: 0px; margin-bottom: 0.5em; margin-left: 0px; padding-top: 0px; padding-right: 0px; padding-bottom: 0px; padding-left: 0px; border-top-width: 0px; border-right-width: 0px; border-bottom-width: 0px; border-left-width: 0px; border-style: initial; border-color: initial; outline-width: 0px; outline-style: initial; outline-color: initial; font-size: 24px; vertical-align: baseline; background-image: initial; background-attachment: initial; background-origin: initial; background-clip: initial; background-color: transparent; font-weight: bold; color-profile: srgb; font-family: HelveticaNeue-Light, ''Helvetica Neue Light'', ''Helvetica Neue'', Frutiger, ''Frutiger Linotype'', Univers, Calibri, ''Gill Sans'', ''Gill Sans MT'', ''Myriad Pro'', Myriad, ''DejaVu Sans Condensed'', ''Liberation Sans'', ''Nimbus Sans L'', Tahoma, Geneva, Helvetica, Arial, ''sans serif''; letter-spacing: 0.02em; line-height: 30px; background-position: initial initial; background-repeat: initial initial; ">Literal forms</h1><div class="collapsible" style="margin-top: 0px; margin-right: 0px; margin-bottom: 0px; margin-left: 0px; padding-top: 0px; padding-right: 0px; padding-bottom: 0px; padding-left: 0px; border-top-width: 0px; border-right-width: 0px; border-bottom-width: 0px; border-left-width: 0px; border-style: initial; border-color: initial; outline-width: 0px; outline-style: initial; outline-color: initial; font-size: 14px; vertical-align: baseline; background-image: initial; background-attachment: initial; background-origin: initial; background-clip: initial; background-color: transparent; color-profile: srgb; background-position: initial initial; background-repeat: initial initial; "><p style="margin-top: 0px; margin-right: 0px; margin-bottom: 1.5em; margin-left: 0px; padding-top: 0px; padding-right: 0px; padding-bottom: 0px; padding-left: 0px; border-top-width: 0px; border-right-width: 0px; border-bottom-width: 0px; border-left-width: 0px; border-style: initial; border-color: initial; outline-width: 0px; outline-style: initial; outline-color: initial; font-size: 14px; vertical-align: baseline; background-image: initial; background-attachment: initial; background-origin: initial; background-clip: initial; background-color: transparent; color-profile: srgb; background-position: initial initial; background-repeat: initial initial; ">String construction has what is known as a literal form - the interpreter treats anything surrounded with single quotes (<code style="margin-top: 0px; margin-right: 0px; margin-bottom: 0px; margin-left: 0px; padding-top: 0px; padding-right: 0.4em; padding-bottom: 0px; padding-left: 0.4em; border-top-width: 1px; border-right-width: 1px; border-bottom-width: 1px; border-left-width: 1px; border-style: initial; border-color: initial; outline-width: 0px; outline-style: initial; outline-color: initial; font-size: 12px; vertical-align: baseline; background-image: initial; background-attachment: initial; background-origin: initial; background-clip: initial; background-color: rgb(248, 248, 255); font-family: monospace, sans-serif; color-profile: srgb; border-top-style: solid; border-right-style: solid; border-bottom-style: solid; border-left-style: solid; border-top-color: rgb(222, 222, 222); border-right-color: rgb(222, 222, 222); border-bottom-color: rgb(222, 222, 222); border-left-color: rgb(222, 222, 222); color: rgb(68, 68, 68); background-position: initial initial; background-repeat: initial initial; ">''</code>) or double quotes(<code style="margin-top: 0px; margin-right: 0px; margin-bottom: 0px; margin-left: 0px; padding-top: 0px; padding-right: 0.4em; padding-bottom: 0px; padding-left: 0.4em; border-top-width: 1px; border-right-width: 1px; border-bottom-width: 1px; border-left-width: 1px; border-style: initial; border-color: initial; outline-width: 0px; outline-style: initial; outline-color: initial; font-size: 12px; vertical-align: baseline; background-image: initial; background-attachment: initial; background-origin: initial; background-clip: initial; background-color: rgb(248, 248, 255); font-family: monospace, sans-serif; color-profile: srgb; border-top-style: solid; border-right-style: solid; border-bottom-style: solid; border-left-style: solid; border-top-color: rgb(222, 222, 222); border-right-color: rgb(222, 222, 222); border-bottom-color: rgb(222, 222, 222); border-left-color: rgb(222, 222, 222); color: rgb(68, 68, 68); background-position: initial initial; background-repeat: initial initial; ">"</code>) as a string. In other words, both&nbsp;<code style="margin-top: 0px; margin-right: 0px; margin-bottom: 0px; margin-left: 0px; padding-top: 0px; padding-right: 0.4em; padding-bottom: 0px; padding-left: 0.4em; border-top-width: 1px; border-right-width: 1px; border-bottom-width: 1px; border-left-width: 1px; border-style: initial; border-color: initial; outline-width: 0px; outline-style: initial; outline-color: initial; font-size: 12px; vertical-align: baseline; background-image: initial; background-attachment: initial; background-origin: initial; background-clip: initial; background-color: rgb(248, 248, 255); font-family: monospace, sans-serif; color-profile: srgb; border-top-style: solid; border-right-style: solid; border-bottom-style: solid; border-left-style: solid; border-top-color: rgb(222, 222, 222); border-right-color: rgb(222, 222, 222); border-bottom-color: rgb(222, 222, 222); border-left-color: rgb(222, 222, 222); color: rgb(68, 68, 68); background-position: initial initial; background-repeat: initial initial; ">''RubyMonk''</code>&nbsp;and&nbsp;<code style="margin-top: 0px; margin-right: 0px; margin-bottom: 0px; margin-left: 0px; padding-top: 0px; padding-right: 0.4em; padding-bottom: 0px; padding-left: 0.4em; border-top-width: 1px; border-right-width: 1px; border-bottom-width: 1px; border-left-width: 1px; border-style: initial; border-color: initial; outline-width: 0px; outline-style: initial; outline-color: initial; font-size: 12px; vertical-align: baseline; background-image: initial; background-attachment: initial; background-origin: initial; background-clip: initial; background-color: rgb(248, 248, 255); font-family: monospace, sans-serif; color-profile: srgb; border-top-style: solid; border-right-style: solid; border-bottom-style: solid; border-left-style: solid; border-top-color: rgb(222, 222, 222); border-right-color: rgb(222, 222, 222); border-bottom-color: rgb(222, 222, 222); border-left-color: rgb(222, 222, 222); color: rgb(68, 68, 68); background-position: initial initial; background-repeat: initial initial; ">"RubyMonk"</code>&nbsp;will create instances of strings.</p><p style="margin-top: 0px; margin-right: 0px; margin-bottom: 1.5em; margin-left: 0px; padding-top: 0px; padding-right: 0px; padding-bottom: 0px; padding-left: 0px; border-top-width: 0px; border-right-width: 0px; border-bottom-width: 0px; border-left-width: 0px; border-style: initial; border-color: initial; outline-width: 0px; outline-style: initial; outline-color: initial; font-size: 14px; vertical-align: baseline; background-image: initial; background-attachment: initial; background-origin: initial; background-clip: initial; background-color: transparent; color-profile: srgb; background-position: initial initial; background-repeat: initial initial; ">It''s your turn now; go ahead and create a string that contains the name of the current month. Like, ''April'', or ''December''.</p></div></span></div>', NULL, 4, 0),
(25, 7, NULL, 'HTML Introduction', '<meta http-equiv="content-type" content="text/html; charset=utf-8"><span class="Apple-style-span" style="color: rgb(0, 0, 0); font-family: Calibri, Arial, sans-serif; font-size: 16px; "><p class="ptxt" style="margin-top: 0.45em; margin-right: auto; margin-bottom: 0.6em; margin-left: 0.7em; text-indent: 1.2em; "><strong>HTML</strong>&nbsp;(<em>HyperText Markup Language</em>) is a web markup language used to create webpages that can be displayed in a browser (or web navigator).<br>HTML is used to present content (text, image) in a webpage, it provides the tools with which the content of a document can be structured or annoted with different types of metadata and indications of rendering and display. These indications can vary from minor text decorations, such as the color or underlining of a word or inserting a image, to the adding of sophisticated elements, tables, image maps, forms and CSS code or JavaScript scripts.<br>The metadatas can include information about the title and author of the document, structural information about how the document is divided in different segments, paragrafs, lists, titles etc. and essential information that allows the document to be tied to other documents to form hiperlinks.</p>HTML is a text format, designed to be read and edited utilizing a simple text editor, editing and understanding the pages in this way requires HTML knowledge, that you can obtain by studying the lessons from this course.<br>There are also graphic editors, like WYSIWYG (What You See Is What You Get ), such as Macromedia Dreamweaver, Adobe GoLive or Microsoft FrontPage, that allow the web pages to be treated similar with Word document and they generate the HTML code for the page''s content, but these programs generate a HTML code that is often too complex and of poor quality.<br>HTML is also used in e-mails. The majority of the e-mail softwares use a incorporated HTML editor for the creation of the e-mails and a presentation engine for the e-mails of this type.<br>This course presents the basic elements of the HTML language and the procedure, it will help you learn how to create web pagegs using this technology.<br>All you need is a simple text editor, such as Notepad, and a browser, like Mozilla Firefox, that is free.<br>To better understand the elements described in these lessons, I recommend you to practice personally every example presented and create others starting from these.<br>Please keep in mind that this course is merely a foundation and a starting point for learning HTML, therefore not all the properties and elements of HTML are presented here.</span>', NULL, 1, 0);
INSERT INTO `lectures` (`id`, `course_id`, `test_id`, `title`, `body`, `raite`, `number_in_course`, `deleted`) VALUES
(26, 7, NULL, 'The basic HTML elements', '<meta http-equiv="content-type" content="text/html; charset=utf-8"><span class="Apple-style-span" style="color: rgb(0, 0, 0); font-family: Calibri, Arial, sans-serif; font-size: 16px; "><h2 class="ch3" style="margin-top: 1em; margin-right: auto; margin-bottom: 0.6em; margin-left: 1.5em; font-size: 1.01em; letter-spacing: 1px; text-decoration: underline; text-align: left; font-family: Calibri, sans-serif; color: rgb(1, 1, 1); ">What is HTML? (Hypertext Markup Language)</h2><p class="ptxt" style="margin-top: 0.45em; margin-right: auto; margin-bottom: 0.6em; margin-left: 0.7em; text-indent: 1.2em; ">- It is a logical set of codes that constitues the appearance of a web document and the information contained. The codes are written in "<span class="sb" style="font-weight: bold; ">&lt;</span>"&nbsp;<span class="sb" style="font-weight: bold; ">(open bracket)</span>&nbsp;and "<span class="sb" style="font-weight: bold; ">&gt;</span>"&nbsp;<span class="sb" style="font-weight: bold; ">(closed bracket)</span>, although they are not really brackets, that is what they are called and look like:&nbsp;<strong>&lt; &gt;</strong>.</p><p class="ptxt" style="margin-top: 0.45em; margin-right: auto; margin-bottom: 0.6em; margin-left: 0.7em; text-indent: 1.2em; "><meta http-equiv="content-type" content="text/html; charset=utf-8">- Most elements (<span class="si" style="font-style: italic; ">also named tags</span>) have an element (tag) for opening and a closing element distinguished by "<span class="sb" style="font-weight: bold; ">/</span>" inside the open bracket "<span class="sb" style="font-weight: bold; ">&lt;</span>".<br>Example:<pre class="code" style="max-height: 500px; min-width: 28em; margin-top: 1.2em; margin-right: 5px; margin-bottom: 1.5em; margin-left: 2.8em; background-image: initial; background-attachment: initial; background-origin: initial; background-clip: initial; background-color: rgb(254, 254, 254); border-top-width: 1px; border-right-width: 1px; border-bottom-width: 1px; border-left-width: 1px; border-top-style: solid; border-right-style: solid; border-bottom-style: solid; border-left-style: solid; border-top-color: rgb(187, 187, 187); border-right-color: rgb(187, 187, 187); border-bottom-color: rgb(187, 187, 187); border-left-color: rgb(187, 187, 187); font-size: 14px; padding-top: 2px; padding-right: 3px; padding-bottom: 6px; padding-left: 3px; color: rgb(1, 1, 255); overflow-x: auto; overflow-y: auto; word-wrap: break-word; background-position: initial initial; background-repeat: initial initial; "><span class="sb" style="font-weight: bold; ">&lt;FONT&gt; ... &lt;/FONT&gt;</span></pre>- The first word that appears inside the "&lt;" is called&nbsp;<strong>element</strong>&nbsp;or&nbsp;<span class="sb" style="font-weight: bold; ">HTML label</span>&nbsp;and tells the browser what to do; something like &lt;FONT&gt;<br>- The words follow after that element inside "&lt; &gt;"are named&nbsp;<strong>attributes</strong>&nbsp;they describe the element''s properties. Such as color, size, etc.<br>- Attributes are separated by spaces and followed by an equal sign "<span class="sb" style="font-weight: bold; ">=</span>", after which the&nbsp;<strong>attribute''s values</strong>&nbsp;are written in quotes (<span class="sb" style="font-weight: bold; ">" "</span>).<br>- Thus, a HTML label may contain the identifier, attributes and values.<br>-&nbsp;<span class="si" style="font-style: italic; ">In the following example FONT is the element, COLOR is the attribute and BLUE is the value</span>:<pre class="code" style="max-height: 500px; min-width: 28em; margin-top: 1.2em; margin-right: 5px; margin-bottom: 1.5em; margin-left: 2.8em; background-image: initial; background-attachment: initial; background-origin: initial; background-clip: initial; background-color: rgb(254, 254, 254); border-top-width: 1px; border-right-width: 1px; border-bottom-width: 1px; border-left-width: 1px; border-top-style: solid; border-right-style: solid; border-bottom-style: solid; border-left-style: solid; border-top-color: rgb(187, 187, 187); border-right-color: rgb(187, 187, 187); border-bottom-color: rgb(187, 187, 187); border-left-color: rgb(187, 187, 187); font-size: 14px; padding-top: 2px; padding-right: 3px; padding-bottom: 6px; padding-left: 3px; color: rgb(1, 1, 255); overflow-x: auto; overflow-y: auto; word-wrap: break-word; background-position: initial initial; background-repeat: initial initial; ">&lt;<span class="sb" style="font-weight: bold; ">FONT</span> <span class="sb" style="font-weight: bold; ">COLOR</span>="<span class="sb" style="font-weight: bold; ">BLUE</span>"&gt;This text will be blue&lt;/FONT&gt;</pre><h3 style="margin-top: 1.89em; margin-right: auto; margin-bottom: 0.7em; margin-left: 1.3em; font-size: 1.01em; letter-spacing: 1px; text-decoration: underline; text-align: left; ">HTML Document Structure</h3><p class="ptxt" style="margin-top: 0.45em; margin-right: auto; margin-bottom: 0.6em; margin-left: 0.7em; text-indent: 1.2em; ">- A HTML document (file) consists of several elements and their attributes.<br>- At first a&nbsp;<span class="sb" style="font-weight: bold; ">HTML</span>&nbsp;element contains (surrounds ) the document''s data. This element contains two main sub-elements&nbsp;<span class="sb" style="font-weight: bold; ">HEAD</span>&nbsp;and&nbsp;<span class="sb" style="font-weight: bold; ">BODY</span>. In HEAD you can add the webpage''s title and other elements known as metatags, and also JavaScript scripts and CSS styles. In BODY you add the document''s content which will be displayed on the webpage.</p></p></span>', NULL, 2, 0),
(27, 7, NULL, 'Building and editing HTML', '<meta http-equiv="content-type" content="text/html; charset=utf-8"><span class="Apple-style-span" style="color: rgb(0, 0, 0); font-family: Calibri, Arial, sans-serif; font-size: 16px; "><p class="ptxt" style="margin-top: 0.45em; margin-right: auto; margin-bottom: 0.6em; margin-left: 0.7em; text-indent: 1.2em; ">There are many programs with which you can create webpages, even without knowing the HTML language, such as Microsoft FrontPage or Macromedia Dreamweaver.<br>The text editors are the most basic programs, and the most used,for editing the webpage. The advantage is their simplicity, to create a webpage a few of the HTML language''s codes are necessary, so the documents are made easily and rapidly, even more it uses very little space and memory sources, but they require knowing the HTML language.</p>Of the known text editors, the most used is&nbsp;<strong>NotePad</strong>, it is also used for this course, but you can use any text editor. For beginners I recommend using Notepad or Notepad++, but the advanced can use other programs like Dreamweaver.<h2 class="ch3" style="margin-top: 1em; margin-right: auto; margin-bottom: 0.6em; margin-left: 1.5em; font-size: 1.01em; letter-spacing: 1px; text-decoration: underline; text-align: left; font-family: Calibri, sans-serif; color: rgb(1, 1, 1); ">Creating the base of a HTML document</h2><p class="ptxt" style="margin-top: 0.45em; margin-right: auto; margin-bottom: 0.6em; margin-left: 0.7em; text-indent: 1.2em; ">As you saw in Lesson 1 there are general elements that are necessary to create a HTML document.<br>First open the Notepad and write the basic structure of a web page. This is:</p><pre class="code" style="max-height: 500px; min-width: 28em; margin-top: 1.2em; margin-right: 5px; margin-bottom: 1.5em; margin-left: 2.8em; background-image: initial; background-attachment: initial; background-origin: initial; background-clip: initial; background-color: rgb(254, 254, 254); border-top-width: 1px; border-right-width: 1px; border-bottom-width: 1px; border-left-width: 1px; border-top-style: solid; border-right-style: solid; border-bottom-style: solid; border-left-style: solid; border-top-color: rgb(187, 187, 187); border-right-color: rgb(187, 187, 187); border-bottom-color: rgb(187, 187, 187); border-left-color: rgb(187, 187, 187); font-size: 14px; padding-top: 2px; padding-right: 3px; padding-bottom: 6px; padding-left: 3px; color: rgb(1, 1, 255); overflow-x: auto; overflow-y: auto; word-wrap: break-word; background-position: initial initial; background-repeat: initial initial; ">&lt;html&gt;\n  &lt;head&gt;\n    &lt;title&gt;Title&lt;/title&gt;\n  &lt;/head&gt;\n  &lt;body&gt;\n    Content\n  &lt;/body&gt;\n&lt;/html&gt;\n</pre>Now your webpage has HEAD and BODY inside the &lt;HTML&gt; base . It also has the TITLE element inside the HEAD element,that you should fill in with a representative text as the title of your document.<br>What you write in TITLE will appear in the upper line of the browser (above the menu). At TITLE you can put any text, but it is better to write something that describes as best as possible the subject and content of your webpage, because it is what most Internet search portals search and index, also is it indicated to not exceed 70 characters.</span><br>', NULL, 3, 0),
(28, 7, NULL, 'HTML Headings and Comments', '<meta http-equiv="content-type" content="text/html; charset=utf-8"><span class="Apple-style-span" style="color: rgb(0, 0, 0); font-family: Calibri, Arial, sans-serif; font-size: 16px; "><h2 class="ch3" style="margin-top: 1em; margin-right: auto; margin-bottom: 0.6em; margin-left: 1.5em; font-size: 1.01em; letter-spacing: 1px; text-decoration: underline; text-align: left; font-family: Calibri, sans-serif; color: rgb(1, 1, 1); ">HTML Headings</h2><p class="ptxt" style="margin-top: 0.45em; margin-right: auto; margin-bottom: 0.6em; margin-left: 0.7em; text-indent: 1.2em; ">HTML offers six levels of headings, using paired tags, from Heading 1 (&nbsp;<span class="sb" style="font-weight: bold; ">&lt;h1&gt; ... &lt;/h1&gt;</span>&nbsp;) to Heading 6 (&nbsp;<span class="sb" style="font-weight: bold; ">&lt;h6&gt; ... &lt;/h6&gt;</span>&nbsp;).<br>Each browser displays the headings in boldface, using its default font and descending font sizes, from Heading 1 (the biggest) to Heading 6 (the smallest).<br>-&nbsp;<span class="si" style="font-style: italic; ">You can add CSS styles to change the Heading''s font size, color, and other properties.</span>.<br><br>Use &lt;h1&gt;, &lt;h2&gt;, ..., for headings only.<br><span class="su" style="text-decoration: underline; ">Headings</span>&nbsp;are important, search engines use document headings to index the structure and content of your web pages.</p><p class="ptxt" style="margin-top: 0.45em; margin-right: auto; margin-bottom: 0.6em; margin-left: 0.7em; text-indent: 1.2em; "><meta http-equiv="content-type" content="text/html; charset=utf-8"><h3 style="margin-top: 1.89em; margin-right: auto; margin-bottom: 0.7em; margin-left: 1.3em; font-size: 1.01em; letter-spacing: 1px; text-decoration: underline; text-align: left; ">HTML Comments</h3>Comments are used to insert notes into the document that are not displayed by the browser.<br>To add a comment, use the&nbsp;<span class="sb" style="font-weight: bold; ">&lt;!-- --&gt;</span>&nbsp;tag, placing the comment between the two pairs of dashes.<br></p><p class="ptxt" style="margin-top: 0.45em; margin-right: auto; margin-bottom: 0.6em; margin-left: 0.7em; text-indent: 1.2em; "><meta http-equiv="content-type" content="text/html; charset=utf-8">Comments can be any length and are not restricted to one line.<br>Although browsers don''t display comments when they display the web page, they can be viewed in the source code of the web page.<br>- To view the source code for the page currently displayed in Internet Explorer, click the&nbsp;<span class="si" style="font-style: italic; ">Page</span>&nbsp;drop-down menu, and then click&nbsp;<span class="si" style="font-style: italic; ">View Source</span>.<br>- To view the source code in Mozilla Firefox, click the&nbsp;<span class="si" style="font-style: italic; ">View</span>&nbsp;menu, and then click&nbsp;<span class="si" style="font-style: italic; ">Page Source</span>&nbsp;(or&nbsp;<span class="si" style="font-style: italic; ">Ctrl+U</span>).<br></p></span>', NULL, 4, 0),
(29, 8, NULL, 'Introduction', '<meta http-equiv="content-type" content="text/html; charset=utf-8"><span class="Apple-style-span" style="font-family: Helvetica, Arial, sans-serif; font-size: 16px; line-height: 22px; ">Welcome to the LearnStreet beginner course on JavaScript (JS).<br><br>In this course, you''ll learn how to code in JS, a flexible and powerful programming language used all over the web. Some of the most popular Internet companies like Facebook and Twitter extensively use JS to add functionality to and enhance their websites.<br><br>This course is designed for people who have no prior programming knowledge. You will learn fundamental programming concepts through JS by applying what you''ve learned from working through the guided programming exercises. Once you''re done with this course, you can try out projects in Code Garage.<br><br>Take a look at the black box on this page. It''s called a console, and it''s where you''ll type and run JS code. When you type in a line of code and press Enter, the console reads your instruction, evaluates it, and displays ("prints") the result for you to see. If you write code that doesn''t work, you''ll get an error message. You''ll be using LearnStreet''s interactive JS console in the first few lessons in order to get familiar with writing code. Later, you''ll move to a code editor, which allows you to write longer blocks of code.<br><br>The idea of this lesson is to get you familiar with our interactive console and interface. Key concepts and syntax will be explained in Overview of later lessons.</span><br>', NULL, 1, 0),
(30, 8, NULL, 'JavaScript Statements', '<meta http-equiv="content-type" content="text/html; charset=utf-8"><span class="Apple-style-span" style="color: rgb(64, 64, 64); font-family: verdana, helvetica, arial, sans-serif; font-size: 13px; "><p class="intro" style="line-height: 18px; font-family: verdana, helvetica, arial, sans-serif; font-size: 14px; color: rgb(64, 64, 64); background-color: transparent; margin-top: 10px; ">JavaScript is a sequence of statements to be executed by the browser.</p><hr style="background-color: rgb(212, 212, 212); color: rgb(212, 212, 212); height: 1px; border-top-width: 0px; border-right-width: 0px; border-bottom-width: 0px; border-left-width: 0px; border-style: initial; border-color: initial; clear: both; "><h2 style="font-family: verdana, helvetica, arial, sans-serif; font-size: 22px; margin-top: 10px; margin-bottom: 10px; font-weight: normal; background-color: transparent; color: rgb(0, 0, 0); ">JavaScript Statements</h2><p style="line-height: 16px; font-family: verdana, helvetica, arial, sans-serif; ">JavaScript statements are "commands" to the browser.</p><p style="line-height: 16px; font-family: verdana, helvetica, arial, sans-serif; ">The purpose of the statements is to tell the browser what to do.</p><p style="line-height: 16px; font-family: verdana, helvetica, arial, sans-serif; ">This JavaScript statement tells the browser to write "Hello Dolly" inside an HTML element with id="demo":</p><div class="code notranslate" style="width: auto; border-top-width: 1px; border-right-width: 1px; border-bottom-width: 1px; border-left-width: 1px; border-top-style: solid; border-right-style: solid; border-bottom-style: solid; border-left-style: solid; border-top-color: rgb(212, 212, 212); border-right-color: rgb(212, 212, 212); border-bottom-color: rgb(212, 212, 212); border-left-color: rgb(212, 212, 212); background-color: rgb(246, 244, 240); color: rgb(68, 68, 68); padding-top: 5px; padding-right: 5px; padding-bottom: 5px; padding-left: 5px; margin-top: 0px; margin-right: 0px; margin-bottom: 0px; margin-left: 0px; "><div style="font-size: 13px; font-family: ''courier new''; ">document.getElementById("demo").innerHTML="Hello Dolly";</div></div><br><hr style="background-color: rgb(212, 212, 212); color: rgb(212, 212, 212); height: 1px; border-top-width: 0px; border-right-width: 0px; border-bottom-width: 0px; border-left-width: 0px; border-style: initial; border-color: initial; clear: both; "><h2 style="font-family: verdana, helvetica, arial, sans-serif; font-size: 22px; margin-top: 10px; margin-bottom: 10px; font-weight: normal; background-color: transparent; color: rgb(0, 0, 0); ">Semicolon ;</h2><p style="line-height: 16px; font-family: verdana, helvetica, arial, sans-serif; ">Semicolon separates JavaScript statements.</p><p style="line-height: 16px; font-family: verdana, helvetica, arial, sans-serif; ">Normally you add a semicolon at the end of each executable statement.</p><p style="line-height: 16px; font-family: verdana, helvetica, arial, sans-serif; ">Using semicolons also makes it possible to write many statements on one line.</p></span>', NULL, 2, 0),
(31, 8, NULL, 'JavaScript Variables', '<meta http-equiv="content-type" content="text/html; charset=utf-8"><span class="Apple-style-span" style="color: rgb(64, 64, 64); font-family: verdana, helvetica, arial, sans-serif; font-size: 13px; "><h2 style="font-family: verdana, helvetica, arial, sans-serif; font-size: 22px; margin-top: 10px; margin-bottom: 10px; font-weight: normal; background-color: transparent; color: rgb(0, 0, 0); ">Much Like Algebra</h2><p style="line-height: 16px; font-family: verdana, helvetica, arial, sans-serif; ">x=5<br>y=6<br>z=x+y</p><p style="line-height: 16px; font-family: verdana, helvetica, arial, sans-serif; ">In algebra we use letters (like x) to hold values (like 5).</p><p style="line-height: 16px; font-family: verdana, helvetica, arial, sans-serif; ">From the expression z=x+y above, we can calculate the value of z to be 11.</p><p style="line-height: 16px; font-family: verdana, helvetica, arial, sans-serif; ">In JavaScript these letters are called&nbsp;<b>variables.</b></p><p style="line-height: 16px; font-family: verdana, helvetica, arial, sans-serif; "><b><meta http-equiv="content-type" content="text/html; charset=utf-8"><span class="Apple-style-span" style="font-weight: normal; line-height: normal; "><h2 style="font-family: verdana, helvetica, arial, sans-serif; font-size: 22px; margin-top: 10px; margin-bottom: 10px; font-weight: normal; background-color: transparent; color: rgb(0, 0, 0); ">JavaScript Variables</h2><p style="line-height: 16px; font-family: verdana, helvetica, arial, sans-serif; ">As with algebra, JavaScript variables can be used to hold values (x=5) or expressions (z=x+y).</p><p style="line-height: 16px; font-family: verdana, helvetica, arial, sans-serif; ">Variable can have short names (like x and y) or more descriptive names (age, sum, totalvolume).</p><ul style="line-height: 16px; font-family: verdana, helvetica, arial, sans-serif; "><li>Variable names must begin with a letter</li><li>Variable names can also begin with $ and _ (but we will not use it)</li><li>Variable names are case sensitive (y and Y are different variables)</li></ul><div><span class="Apple-style-span" style="line-height: 16px;"><meta http-equiv="content-type" content="text/html; charset=utf-8"><span class="Apple-style-span" style="line-height: normal; "><h2 style="font-family: verdana, helvetica, arial, sans-serif; font-size: 22px; margin-top: 10px; margin-bottom: 10px; font-weight: normal; background-color: transparent; color: rgb(0, 0, 0); ">JavaScript Data Types</h2><p style="line-height: 16px; font-family: verdana, helvetica, arial, sans-serif; ">JavaScript variables can also hold other types of data, like text values (person="John Doe").</p><p style="line-height: 16px; font-family: verdana, helvetica, arial, sans-serif; ">In JavaScript a text like "John Doe" is called a string.</p><p style="line-height: 16px; font-family: verdana, helvetica, arial, sans-serif; ">There are many types of JavaScript variables, but for now, just think of numbers and strings.</p><p style="line-height: 16px; font-family: verdana, helvetica, arial, sans-serif; ">When you assign a text value to a variable, put double or single quotes around the value.</p><p style="line-height: 16px; font-family: verdana, helvetica, arial, sans-serif; ">When you assign a numeric value to a variable, do not put quotes around the value. If you put quotes around a numeric value, it will be treated as text.</p></span></span></div></span></b></p></span>', NULL, 3, 0),
(32, 8, NULL, 'JavaScript Data Types', '<meta http-equiv="content-type" content="text/html; charset=utf-8"><span class="Apple-style-span" style="color: rgb(64, 64, 64); font-family: verdana, helvetica, arial, sans-serif; line-height: 18px; ">String, Number, Boolean, Array, Object, Null, Undefined.</span><br><div><span class="Apple-style-span" style="color: rgb(64, 64, 64); font-family: verdana, helvetica, arial, sans-serif; line-height: 18px; "><meta http-equiv="content-type" content="text/html; charset=utf-8"><span class="Apple-style-span" style="line-height: normal; font-size: 13px; "><h2 style="font-family: verdana, helvetica, arial, sans-serif; font-size: 22px; margin-top: 10px; margin-bottom: 10px; font-weight: normal; background-color: transparent; color: rgb(0, 0, 0); ">JavaScript Strings</h2><p style="line-height: 16px; font-family: verdana, helvetica, arial, sans-serif; ">A string is a variable which stores a series of characters like "John Doe".</p><p style="line-height: 16px; font-family: verdana, helvetica, arial, sans-serif; ">A string can be any text inside quotes.&nbsp;</p><p style="line-height: 16px; font-family: verdana, helvetica, arial, sans-serif; "><meta http-equiv="content-type" content="text/html; charset=utf-8"><span class="Apple-style-span" style="line-height: normal; "><h2 style="font-family: verdana, helvetica, arial, sans-serif; font-size: 22px; margin-top: 10px; margin-bottom: 10px; font-weight: normal; background-color: transparent; color: rgb(0, 0, 0); ">JavaScript Numbers</h2><p style="line-height: 16px; font-family: verdana, helvetica, arial, sans-serif; ">JavaScript has only one type of numbers. Numbers can be written with, or without decimals.</p><p style="line-height: 16px; font-family: verdana, helvetica, arial, sans-serif; "><meta http-equiv="content-type" content="text/html; charset=utf-8"><span class="Apple-style-span" style="line-height: normal; "><h2 style="font-family: verdana, helvetica, arial, sans-serif; font-size: 22px; margin-top: 10px; margin-bottom: 10px; font-weight: normal; background-color: transparent; color: rgb(0, 0, 0); ">JavaScript Booleans</h2><p style="line-height: 16px; font-family: verdana, helvetica, arial, sans-serif; ">Booleans can only have two values: true or false.</p></span></p><p style="line-height: 16px; font-family: verdana, helvetica, arial, sans-serif; "><meta http-equiv="content-type" content="text/html; charset=utf-8"><span class="Apple-style-span" style="line-height: normal; "><h2 style="font-family: verdana, helvetica, arial, sans-serif; font-size: 22px; margin-top: 10px; margin-bottom: 10px; font-weight: normal; background-color: transparent; color: rgb(0, 0, 0); ">JavaScript Arrays</h2><p style="line-height: 16px; font-family: verdana, helvetica, arial, sans-serif; ">The following code creates an Array called cars</p></span></p></span></p></span></span></div>', NULL, 4, 0);

-- --------------------------------------------------------

--
-- Table structure for table `lecture_books`
--

DROP TABLE IF EXISTS `lecture_books`;
CREATE TABLE `lecture_books` (
  `id` int(11) NOT NULL AUTO_INCREMENT,
  `book_id` int(10) unsigned NOT NULL,
  `lecture_id` int(10) unsigned NOT NULL,
  `test_progress` tinyint(3) unsigned NOT NULL,
  PRIMARY KEY (`id`)
) ENGINE=InnoDB DEFAULT CHARSET=ascii AUTO_INCREMENT=1 ;

--
-- Dumping data for table `lecture_books`
--


-- --------------------------------------------------------

--
-- Table structure for table `progress`
--

DROP TABLE IF EXISTS `progress`;
CREATE TABLE `progress` (
  `id` int(10) unsigned NOT NULL AUTO_INCREMENT,
  `lecture_id` int(10) unsigned NOT NULL,
  `score_id` int(10) unsigned NOT NULL,
  `passtest` tinyint(4) NOT NULL,
  `finalexam` tinyint(1) unsigned NOT NULL,
  PRIMARY KEY (`id`)
) ENGINE=MyISAM  DEFAULT CHARSET=ascii AUTO_INCREMENT=37 ;

--
-- Dumping data for table `progress`
--

INSERT INTO `progress` (`id`, `lecture_id`, `score_id`, `passtest`, `finalexam`) VALUES
(1, 1, 1, 10, 0),
(2, 2, 2, 30, 0),
(3, 3, 3, 10, 1),
(4, 4, 4, 90, 0),
(18, 13, 7, 0, 1),
(17, 11, 7, 0, 0),
(16, 10, 7, 100, 0),
(15, 9, 7, 100, 0),
(14, 8, 7, 0, 0),
(36, 24, 9, 0, 1),
(35, 23, 9, 0, 0),
(34, 22, 9, 0, 0),
(33, 21, 9, 0, 0),
(32, 20, 8, -1, 1),
(31, 19, 8, -1, 0),
(30, 7, 8, -1, 0),
(29, 6, 8, 25, 0);

-- --------------------------------------------------------

--
-- Table structure for table `roles`
--

DROP TABLE IF EXISTS `roles`;
CREATE TABLE `roles` (
  `id` int(10) unsigned NOT NULL AUTO_INCREMENT,
  `name` varchar(50) NOT NULL,
  PRIMARY KEY (`id`)
) ENGINE=InnoDB  DEFAULT CHARSET=ascii AUTO_INCREMENT=4 ;

--
-- Dumping data for table `roles`
--

INSERT INTO `roles` (`id`, `name`) VALUES
(1, 'admin'),
(2, 'teacher'),
(3, 'student');

-- --------------------------------------------------------

--
-- Table structure for table `score`
--

DROP TABLE IF EXISTS `score`;
CREATE TABLE `score` (
  `id` int(10) unsigned NOT NULL AUTO_INCREMENT,
  `course_id` int(10) unsigned NOT NULL,
  `user_id` int(10) unsigned NOT NULL,
  `finished` tinyint(1) DEFAULT NULL,
  `finish_date` datetime DEFAULT NULL,
  PRIMARY KEY (`id`)
) ENGINE=InnoDB  DEFAULT CHARSET=ascii AUTO_INCREMENT=10 ;

--
-- Dumping data for table `score`
--

INSERT INTO `score` (`id`, `course_id`, `user_id`, `finished`, `finish_date`) VALUES
(1, 1, 4, NULL, NULL),
(2, 2, 5, NULL, NULL),
(3, 1, 6, NULL, NULL),
(4, 2, 7, NULL, NULL),
(7, 4, 20, 1, NULL),
(8, 2, 20, 0, NULL),
(9, 6, 19, 1, NULL);

-- --------------------------------------------------------

--
-- Table structure for table `status`
--

DROP TABLE IF EXISTS `status`;
CREATE TABLE `status` (
  `id` int(10) unsigned NOT NULL AUTO_INCREMENT,
  `status` varchar(60) NOT NULL,
  PRIMARY KEY (`id`)
) ENGINE=InnoDB  DEFAULT CHARSET=ascii AUTO_INCREMENT=4 ;

--
-- Dumping data for table `status`
--

INSERT INTO `status` (`id`, `status`) VALUES
(1, 'Active'),
(2, 'Deleted'),
(3, 'Not confirmed');

-- --------------------------------------------------------

--
-- Table structure for table `users`
--

DROP TABLE IF EXISTS `users`;
CREATE TABLE `users` (
  `id` int(10) unsigned NOT NULL AUTO_INCREMENT,
  `role_id` int(10) unsigned NOT NULL,
  `f_name` varchar(50) DEFAULT NULL,
  `l_name` varchar(50) DEFAULT NULL,
  `login` varchar(20) NOT NULL,
  `password` varchar(40) NOT NULL,
  `email` varchar(20) DEFAULT NULL,
  `photo` varchar(200) DEFAULT NULL,
  `status_id` int(10) unsigned NOT NULL,
  PRIMARY KEY (`id`)
) ENGINE=InnoDB  DEFAULT CHARSET=ascii AUTO_INCREMENT=21 ;

--
-- Dumping data for table `users`
--

INSERT INTO `users` (`id`, `role_id`, `f_name`, `l_name`, `login`, `password`, `email`, `photo`, `status_id`) VALUES
(1, 1, 'xxx', 'xxx', 'admin', '8cb2237d0679ca88db6464eac60da96345513964', 'xxx@x.com', NULL, 1),
(2, 3, 'Artem', 'Melnyk', 'armeldr', '8cb2237d0679ca88db6464eac60da96345513964', 'user@user.com', NULL, 1),
(3, 3, 'Mister', 'Joe', 'joes', '8cb2237d0679ca88db6464eac60da96345513964', 'joe@joe.joe', NULL, 2),
(4, 3, 'Mike', 'Deer', 'mike', '8cb2237d0679ca88db6464eac60da96345513964', 'm@d.co', NULL, 2),
(5, 3, 'John', 'Wayne', 'john', '8cb2237d0679ca88db6464eac60da96345513964', 'h@j.co', NULL, 2),
(6, 3, 'Tony', 'Marko', 'tony', '8cb2237d0679ca88db6464eac60da96345513964', 't@m.ko', NULL, 2),
(7, 3, 'Master', 'Zen', 'kane', '8cb2237d0679ca88db6464eac60da96345513964', 'ka@m.a', NULL, 2),
(8, 3, 'Doon', 'Moon', 'doomoo', '8cb2237d0679ca88db6464eac60da96345513964', 'asd@asd.c', NULL, 1),
(9, 3, 'Danny', 'Howard', 'coolio', '5cec175b165e3d5e62c9e13ce848ef6feac81bff', 'danny@howard.com', NULL, 1),
(10, 2, 'Tim', 'Berg', 'tberg', '8cb2237d0679ca88db6464eac60da96345513964', 't@berg.com', NULL, 1),
(11, 3, 'Mark', 'Dest', 'markk', '5cec175b165e3d5e62c9e13ce848ef6feac81bff', 'ma@d.c', NULL, 1),
(12, 3, 'Bob', 'Mob', 'bmob', '8cb2237d0679ca88db6464eac60da96345513964', 'bo@mo.com', NULL, 1),
(13, 3, 'James', 'Albertus', 'colorita', '5cec175b165e3d5e62c9e13ce848ef6feac81bff', 'aasdas@dasd.com', NULL, 1),
(14, 3, 'Vadim', 'Elenev', 'valen', '5cec175b165e3d5e62c9e13ce848ef6feac81bff', 'asdasd@ooooo.p', NULL, 1),
(16, 2, 'Artem', 'Melnyk', 'armel', '8cb2237d0679ca88db6464eac60da96345513964', 'armel@gmail.com', NULL, 1),
(17, 2, 'Katherine', 'Waldock', 'katarina', '8cb2237d0679ca88db6464eac60da96345513964', 'kwaldock@stern.nyu.e', NULL, 1),
(19, 3, 'Nikolia', 'Masterov', 'kolin', '7c4a8d09ca3762af61e59520943dc26494f8941b', 'kolin@gmail.com', NULL, 1),
(20, 3, 'Martin', 'Mollow', 'martiness', '7c4a8d09ca3762af61e59520943dc26494f8941b', 'martin@i.ua', NULL, 1);
