SET NAMES utf8;
SET FOREIGN_KEY_CHECKS = 0;

-- ----------------------------
--  Table structure for `books_authors`
-- ----------------------------
DROP TABLE IF EXISTS `books_authors`;
CREATE TABLE `books_authors` (
  `id` int(10) unsigned NOT NULL AUTO_INCREMENT,
  `name` varchar(90) NOT NULL,
  PRIMARY KEY (`id`)
) ENGINE=InnoDB AUTO_INCREMENT=5 DEFAULT CHARSET=ascii;

-- ----------------------------
--  Records of `books_authors`
-- ----------------------------
BEGIN;
INSERT INTO `books_authors` VALUES ('1', 'John McBane'), ('2', 'asdsad'), ('3', 'Barak Obama'), ('4', 'Barka Obama');
COMMIT;

-- ----------------------------
--  Table structure for `books_monitor`
-- ----------------------------
DROP TABLE IF EXISTS `books_monitor`;
CREATE TABLE `books_monitor` (
  `id` int(10) unsigned NOT NULL AUTO_INCREMENT,
  `book_id` int(10) unsigned NOT NULL,
  `worker_id` int(10) unsigned NOT NULL,
  `reader_id` int(10) unsigned NOT NULL,
  `issue_date` date NOT NULL,
  `return_date` date NOT NULL,
  PRIMARY KEY (`id`)
) ENGINE=InnoDB DEFAULT CHARSET=ascii;

-- ----------------------------
--  Table structure for `category`
-- ----------------------------
DROP TABLE IF EXISTS `category`;
CREATE TABLE `category` (
  `id` int(10) unsigned NOT NULL AUTO_INCREMENT,
  `name` varchar(80) NOT NULL,
  `deleted` tinyint(1) unsigned NOT NULL,
  PRIMARY KEY (`id`)
) ENGINE=InnoDB AUTO_INCREMENT=9 DEFAULT CHARSET=ascii;

-- ----------------------------
--  Records of `category`
-- ----------------------------
BEGIN;
INSERT INTO `category` VALUES ('1', 'Python', '1'), ('2', 'MySQL', '2'), ('3', 'Ruby', '2'), ('4', 'Pyramid', '2'), ('5', 'Django', '2'), ('6', 'JS', '2'), ('7', 'asdasdas', '1'), ('8', 'JAVA', '2');
COMMIT;

-- ----------------------------
--  Table structure for `library_books`
-- ----------------------------
DROP TABLE IF EXISTS `library_books`;
CREATE TABLE `library_books` (
  `id` int(10) unsigned NOT NULL AUTO_INCREMENT,
  `category_id` int(10) unsigned NOT NULL,
  `author_id` int(10) unsigned NOT NULL,
  `title` varchar(120) NOT NULL,
  `amount` int(10) unsigned NOT NULL,
  `deleted` tinyint(1) unsigned NOT NULL,
  PRIMARY KEY (`id`)
) ENGINE=InnoDB AUTO_INCREMENT=9 DEFAULT CHARSET=ascii;

-- ----------------------------
--  Records of `library_books`
-- ----------------------------
BEGIN;
INSERT INTO `library_books` VALUES ('1', '1', '3', 'GroovingPy', '11', '1'), ('2', '1', '1', 'asdsadasdas', '123', '1'), ('3', '2', '1', 'Scoolj for school', '19', '2'), ('4', '3', '1', 'Rubymine', '3', '2'), ('5', '4', '1', 'Mummy', '33', '1'), ('6', '1', '1', 'Metaclasses for Aces', '21', '1'), ('7', '1', '1', 'Scopes of vars', '42', '1'), ('8', '3', '4', 'Metaclasses in Ruby', '11', '1');
COMMIT;

-- ----------------------------
--  Table structure for `readers`
-- ----------------------------
DROP TABLE IF EXISTS `readers`;
CREATE TABLE `readers` (
  `id` int(10) unsigned NOT NULL AUTO_INCREMENT,
  `f_name` varchar(50) NOT NULL,
  `l_name` varchar(50) NOT NULL,
  `reg_begin` date NOT NULL,
  `reg_end` date NOT NULL,
  `status_id` tinyint(2) unsigned NOT NULL,
  PRIMARY KEY (`id`)
) ENGINE=InnoDB DEFAULT CHARSET=ascii;

-- ----------------------------
--  Table structure for `roles`
-- ----------------------------
DROP TABLE IF EXISTS `roles`;
CREATE TABLE `roles` (
  `id` int(10) unsigned NOT NULL AUTO_INCREMENT,
  `name` varchar(50) NOT NULL,
  PRIMARY KEY (`id`)
) ENGINE=InnoDB DEFAULT CHARSET=ascii;

-- ----------------------------
--  Table structure for `status`
-- ----------------------------
DROP TABLE IF EXISTS `status`;
CREATE TABLE `status` (
  `id` int(10) unsigned NOT NULL AUTO_INCREMENT,
  `status` varchar(60) NOT NULL,
  PRIMARY KEY (`id`)
) ENGINE=InnoDB DEFAULT CHARSET=ascii;

-- ----------------------------
--  Table structure for `workers`
-- ----------------------------
DROP TABLE IF EXISTS `workers`;
CREATE TABLE `workers` (
  `id` int(10) unsigned NOT NULL AUTO_INCREMENT,
  `role_id` int(10) unsigned NOT NULL,
  `f_name` varchar(50) DEFAULT NULL,
  `l_name` varchar(50) DEFAULT NULL,
  `login` varchar(20) NOT NULL,
  `password` varchar(40) NOT NULL,
  `status_id` tinyint(2) unsigned NOT NULL,
  PRIMARY KEY (`id`)
) ENGINE=InnoDB DEFAULT CHARSET=ascii;

SET FOREIGN_KEY_CHECKS = 1;
